{
  "CONFIG": {
    "BANNER": {
      "ACCEPT_ALL_BTN": "Accept ALL",
      "BADGE_BTN": "Cookie Consent",
      "DESCRIPTION": "By clicking \"Accept All\" you provide consent to us and all the third parties mentioned in our Privacy and Cookies Preference Setting to store cookies and other technologies to enhance your website experience, process your personal data, show you personalized content and advertisements, analyze website efficiency, and improve our marketing efforts. ",
      "DISABLE_ALL_BTN": "Disable All",
      "DO_NOT_SELL_BTN": "Do Not Sell My Data",
      "GDPR_PRIVACY_DESC": "We and our partners store and/or access information on a device, such as cookies , and process personal data, such as unique identifiers and standard information sent by a device for personalized ads and content, ad and content measurement, and audience insights, as well as to develop and improve products. You may accept or manage your choices by clicking below, including your right to object where legitimate interest is used, or at any time in the privacy policy page. These choices will be communicated to our partners and will not impact the browsing data.",
      "PRIVACY": "Privacy",
      "PRIVACY_SETTINGS_BTN": "Privacy Settings",
      "TITLE": "We Care About Your Privacy "
    },
    "POPUP": {
      "ACCEPT_ALL_BTN": "Accept All",
      "ALLOW_ALL": "Allow All",
      "ALWAYS_ALLOW": "Always Allow",
      "AUDIT_ID": {
        "ARE_YOU_SURE": "Are you sure Reset Audit ID?",
        "DESCRIPTION": "We generate random unique number for you when you visit this website. The purpose of the Audit ID is to keep a record of your consent preference history and which cookies you have accepted and when. The information stored in relation to your Audit ID includes, version of cookie vendor list, a list of vendors that are allowed to process your data, and timestamp. ",
        "MY_AUDIT_ID": "MY AUDIT ID*",
        "RESET_MY_AUDIT_ID": "Reset my Audit ID",
        "TITLE": "Audit ID"
      },
      "CCPA_AND_GENERIC_PRIVACY_INFO": {
        "consent": {
          "desc": "This site and its partners store and access personal data based on unique identifiers such as cookies, and prior to the processing of any personal data, the EU General Data Protection Legislation calls for free consent. As such, we request your consent to allow us and our partners to process your data in order to provide you with the best user experience. You agree to share your personal data with us and our partners on this property by consenting to the data processing on this platform. If you do not agree or withdraw consent from all vendors for data processing, this may adversely affect site function and your experience. ",
          "title": "Why do you need my consent?"
        },
        "cookies": {
          "data": [
            {
              "body": "Cookies are usually small text files sent with pages from a website and stored by browsers. Websites uses cookies to keep track of your movement within the site, help you resume where you left off, remember your registrations login, preferences and other customization functions.  ",
              "heading": "What is a cookie?"
            },
            {
              "body": "Cookies are designed to be a reliable mechanism for websites to remember your choices and preferences such as items added in the shopping cart in an online store or to record the user's browsing activity including clicking particular buttons, logging in, or recording which pages were visited in the past. They can also be used to remember pieces of information that the user previously entered into form  fields, such as names, addresses, passwords, and payment card numbers.",
              "heading": "How they work?"
            }
          ],
          "title": "Cookie Information"
        },
        "data": {
          "desc": "We process your data for a range of purposes and features.  By consenting to all data processing on this property, you agree to have your personal data processed for purposes and features by us and our partners, so that we can enhance our services and make it easier for you to have a better experience. Not consenting or revoking consent, may have a negative effect on the features and functions of our websites or apps. ",
          "title": "Why are you using my data?"
        },
        "process": {
          "body": [
            "This website and third-party vendors will store and/or access information from the user’s device and process their personal data. ",
            "Some vendors may process your personal data on the grounds of legitimate interest. You can click here for more information about it and/or to object. "
          ],
          "desc": "We process your data for a range of purposes and features By consenting to all data processing on this property, you agree to have your personal data processed for purposes and features by us and our partners, so that we can enhance our services and make it easier for you to have a better experience. Not consenting or revoking consent, can have a negative effect on the features and functions of our websites or apps.",
          "title": " Who is processing my data? "
        }
      },
      "CCPA_AND_GENERIC_PRIVACY_INFO_DESCRIPTION": "Use this page to learn more about data privacy and how data is used to improve your site experience.",
      "CCPA_AND_GENERIC_PRIVACY_INFO_TITLE": "Learn about privacy",
      "CCPA_AND_GENERIC_PURPOSES_DESC": "When you visit our website, we store cookies on your browser to collect information. This information might be related to you or your device, your preferences, and is used to make the website work as expected and to provide a more personalized web browsing experience. Your privacy is important to us, you can choose not to allow some types of cookies. Click on the different cookie category heading to find out more information and change the default settings. You have the option of disabling certain types of storage or cookies that may not be necessary for the basic functionality of the website. If you decide to decline, we may not be able to provide you the optimal website browsing experience. You cannot disable our essential first party strictly necessary cookies as they are implemented to ensure the proper functioning of our website, such as logging into your account, remembering your settings, prompting the cookie banner and redirecting when you logout, etc. ",
      "COMPANY": "Company",
      "CONFIRMATION_DIALOG": {
        "CCPA": {
          "DESCRIPTION": "If you decide to activate do not sell my data, we may not be able to provide you the optimal website browsing experience."
        },
        "GDPR": {
          "DESCRIPTION": "If you decide to reject, we may not be able to provide you the optimal website browsing experience."
        },
        "GENERIC": {
          "DESCRIPTION": "If you decide to disable all, we may not be able to provide you the optimal  browsing experience."
        },
        "NO": "NO",
        "TITLE": "Are you sure",
        "YES": "YES"
      },
      "CONSENT_TEXT": "Consent",
      "COOKIE_INFO": {
        "CATEGORY": "Category",
        "DESC": "Description",
        "DESCRIPTION": "",
        "HOST": "Host",
        "NAME": "Name",
        "TYPE": "Type"
      },
      "DISABLE_ALL_BTN": "Disable All",
      "DO_NOT_SELL_BTN": "Do Not Sell My Data",
      "FEATURES": "Features",
      "GDPR": {
        "CLAIMING_LEGITIMATE": "Claiming Legitimate Interest to",
        "CONSENT": "Consent",
        "FEATURES_USE": "Features in Use",
        "LEGITIMATE_INTEREST": "Legitimate Interest",
        "REQUEST_CONSENT_TO": "Requesting Consent To",
        "USES_COOKIE_ACCESS": "This vendor uses cookies as a means of storing or accessing information on your device. The maximum storage duration is:",
        "USES_NON_COOKIE_ACCESS": "This vendor uses other storage methods, such as local storage or accessing information on your device. The maximum storage duration is:",
        "VENDOR_STORAGE_TEXT": "This vendor utilizes cookies as a means of storage or accessing information on your device.The maximum storage duration is"
      },
      "GDPR_PURPOSES_DESC": "To provide the best experiences, we and our partners use cookies and technologies to store and/or access device information. Consenting to these technologies will allow us and our partners to process personal data such as browsing behavior or unique IDs on this site. Not consenting or withdrawing consent, may adversely affect certain features and functions. You may exercise your right to consent or object to legitimate interest, based on specific purpose or at a partner level in the link under each purpose. These choices will be signaled to our vendors participating in the Transparency and Consent Framework.",
      "GDPR_PURPOSES_FOOTER_TEXT": "* Consent is stored and processed in compliance with the IAB Transparency and Consent Framework policy.",
      "GDPR_VENDORS_DESC": "These are the partners whom we share data with. You can see which purposes they are requesting consent and/or which purposes they are claiming legitimate interest for by clicking on each partner. You can turn each one on and off to control whether or not data is shared with them or may disable all data processing. However, please note that by disabling all data processing, some site functionality may be affected.\nFor some purposes, your personal data may be processed on the legal ground of legitimate interest.",
      "GDPR_VENDOR_LEGITIMATE_INTEREST": "Vendors Claiming Legitimate Interest",
      "GIVE_ALL_CONSENT_BTN": "Give All Consents",
      "GOOGLE_VENDORS": "Google Vendors",
      "HIDE_VENDORS": "Hide Vendors",
      "IAB_VENDOR": "IAB Vendors",
      "LEGITIMATED_CONSENT_TEXT": "Legitimated Consent",
      "MORE_DETAILS": "More Details",
      "NO_COOKIES": "We do not use cookies of this type",
      "ONOFF": "Off / ON",
      "POWERED_BY": "Powered By",
      "PRIVACY_INFO": "Privacy Information",
      "PRIVACY_INFO_TEXT": "PRIVACY INFO",
      "PRIVACY_TEXT": "Privacy",
      "PURPOSES_TEXT": "Purposes",
      "PURPOSE_TEXT": "PURPOSE",
      "REVOKE_ALL": "Revoke All Consents",
      "SAVE_AND_EXIT_BTN": "Save and exit",
      "SAVE_MY_CHOICE_BTN": "Save My Choices",
      "SEARCH_INPUT_TEXT": "Search IAB and Google Vendors",
      "VENDORS_NAME": "Vendors Name",
      "VENDORS_TEXT": "VENDORS",
      "VENDOR_CONSENT": "Vendors Consent",
      "VIEW_FIRST_PARTY": "View Cookies",
      "VIEW_THIRD_PARTY": "View Third Party Cookies"
    }
  },
  "MOBILE": {
    "WELCOME": {
      "gvl_title": "Personalised ads and content, ad and content measurement,audience insights and product developement",
      "overview_screen_title": "Manage Your Privacy",
      "vendor_caltegory_labels": [
        "Features",
        "Special Features",
        "Purposes",
        "Special Purposes"
      ],
      "vendor_placeholder_text": "Search iab and google vendors"
    }
  },
  "PURPOSES": [
    {
      "description": "These cookies are essential to provide you with services available through the website and to enable you to use some of its features. They help to authenticate users and prevent fraudulent use of user accounts. Without these cookies, the services that you expect cannot be provided.  We only use these cookies to provide you with essential services. ",
      "id": "101",
      "title": "Essential Cookies"
    },
    {
      "description": "Functional cookies help to perform certain functionalities like sharing the content of the website on social media platforms, collecting feedback, and other third-party features. ",
      "id": "102",
      "title": "Functional Cookies"
    },
    {
      "description": "Analytical cookies collect anonymous, aggregated data which allow us to understand how visitors interact with web pages and content.  These cookies help us to improve our site and the visitor experience.  Disabling these cookies affects our ability to enhance our products and services. ",
      "description_old": "Advertising cookies track activity across websites in order to understand a viewer’s interests, and direct them specific marketing. Some examples include: cookies used for remarketing, or interest-based advertising.",
      "id": "103",
      "title": "Analytics cookies"
    },
    {
      "description": "Advertising cookies track activity across websites in order to understand a viewer’s preference and   interests. These cookies direct specific marketing based on these preferences and interests, examples include cookies used for remarketing, or interest-based advertising. ",
      "id": "104",
      "title": "Advertising Cookies"
    },
    {
      "description": "These cookies have been added to the website by various social media services, so that you can share our content with friends and networks. They're capable of tracking your browser across other sites and building a profile of your interests. This may have an impact on ad personalization and messages you see on other websites you visit. If you do not allow these cookies, you may not be able to use or view these shared tools. ",
      "description_old": "",
      "id": "105",
      "title": "Social Media Cookies"
    },
    {
      "description": "Unclassified cookies are cookies that we are in the process of classifying, together with the providers of individual cookies. ",
      "id": "106",
      "title": "Unclassified"
    }
  ]
}