{
  "POWERED_BY": "energizado por",
  "COMMOM": {
    "ALWAYS_ALLOW": "Permitir siempre"
  },
  "CONFIG": {
    "BANNER": {
      "DONOTSELL": "No venda mis datos",
      "GDPR_HEAD": "Nosotros y nuestros socios almacenamos y / o accedemos a información en un dispositivo, como cookies, y procesamos datos personales, como identificadores únicos e información estándar enviada por un dispositivo para anuncios y contenido personalizados, medición de anuncios y contenido, y estadísticas de audiencia, como así como para desarrollar y mejorar productos. Puede aceptar o administrar sus opciones haciendo clic a continuación, incluido su derecho a objetar cuando se utiliza un interés legítimo, o en cualquier momento en la página de la política de privacidad. Estas opciones se comunicarán a nuestros socios y no afectarán los datos de navegación.",
      "REJECT_ALL_BTN": "Rechazar todo",
      "badgeButton": "Consentimiento de cookies",
      "body": "Al hacer clic en \"Aceptar todo\", usted acepta que nosotros y todos los terceros mencionados en nuestra configuración de preferencias de privacidad y cookies almacenen cookies y otras tecnologías para mejorar su experiencia en el sitio web, procesar sus datos personales, mostrarle contenido y anuncios personalizados, analizar el sitio web eficiencia y mejorar nuestros esfuerzos de marketing.",
      "button": "Saber más",
      "buttonAllow": "Aceptar todo",
      "buttonAllowReq": "Permitir Requerido",
      "buttonCustomize": "La configuración de privacidad",
      "buttonDisable": "DESACTIVAR TODO",
      "title": "Nos preocupamos por su privacidad"
    },
    "COMMOM": {
      "ALWAYS_ALLOW": "Permitir siempre"
    },
    "POPUP": {
      "ACCEPT_ALL_BTN": "Aceptar todo",
      "ALLOW_ALL": "Permitir todo",
      "ALWAYS_ALLOW": "Permitir siempre",
      "AUDIT_ID": {
        "areYouSure": "¿Está seguro de Restablecer ID de auditoría?",
        "description": "Generamos un número único aleatorio para usted cuando visita este sitio web. El propósito del ID de auditoría es mantener un registro de su historial de preferencias de consentimiento sobre qué cookies ha aceptado y cuándo. La información almacenada en relación con su ID de auditoría incluye la versión de la lista de proveedores de cookies, una lista de proveedores que pueden procesar sus datos y la marca de tiempo.",
        "myAuditId": "MI ID DE AUDITORÍA *",
        "resetMyAuditId": "Restablecer mi ID de auditoría",
        "title": "ID de auditoría"
      },
      "COMPANY": "Empresa",
      "COMPANY_NAME": "Nombre de proveedores",
      "CONTENT_BODY": "Cuando utiliza este sitio, recopilamos información personal mediante el uso de tecnologías como cookies para mejorar su experiencia en el sitio. Dicho esto, queremos permitirle tomar el control de sus datos personales proporcionándole controles para administrar su experiencia. Consulte a continuación los fines para los que usamos sus datos. Al hacer clic en cada propósito, se explicará qué es cada uno y los proveedores asociados con él. También puede utilizar esta herramienta para ver los proveedores con los que trabajamos y las categorías de datos que utilizamos.",
      "CONTENT_BODY_DATA_CAT": "",
      "COOKIE_INFO": {
        "category": "CATEGORÍA",
        "desc": "Descripción",
        "host": "Anfitrión",
        "name": "Nombre",
        "type": "Tipo"
      },
      "DISABLE_ALL": "DESACTIVAR TODO",
      "DONOTSELL": "No venda mis datos",
      "DO_NOT_SELL_MY_DATA": "No venda mis datos",
      "FEATURES": "Caracteristicas",
      "FOOTER_TEXT": "* El consentimiento se almacena y procesa de conformidad con la política del Marco de Consentimiento y Transparencia de IAB.",
      "GIVE_ALL_CONSENT": "Dar todos los consentimientos",
      "GIVE_CONSENT_TO_ALL": "Dar consentimiento a todos",
      "GOOGLE_VENDOR": "Proveedores de Google",
      "HIDE_VENDORS": "Ocultar proveedores",
      "IAB_VENDOR": "Proveedores de Iab",
      "LEARN_PRIVACY_TITLE": "Más información sobre privacidad",
      "MANAGE_PRIVACY": "Administre su privacidad",
      "MANAGE_SETTING_BTN": "Guardar mis elecciones",
      "ONOFF": "APAGADO EN",
      "PRIVACY": "intimidad",
      "PRIVACY_INFO": "Información de privacidad",
      "PRIVACY_INFO_BODY_TEXT": "Utilice esta página para obtener más información sobre la privacidad de los datos y cómo se utilizan los datos para mejorar la experiencia de su sitio.",
      "PRIVACY_INFO_TITLE": "Información de privacidad",
      "PRIVACY_MANAGER": "Gerente de privacidad",
      "PURPOSES": "Propósitos",
      "PURPOSES_BODY": "Cuando visita nuestro sitio web, almacenamos cookies en su navegador para recopilar información. Esta información puede estar relacionada con usted o su dispositivo, sus preferencias, y se utiliza principalmente para que el sitio web funcione como espera y para brindar una experiencia de navegación web más personalizada. Su privacidad es importante para nosotros, puede optar por no permitir algunos tipos de cookies. Haga clic en el encabezado de la categoría de cookies diferente para obtener más información y cambiar nuestra configuración predeterminada. Tiene la opción de deshabilitar ciertos tipos de almacenamiento que pueden no ser necesarios para el funcionamiento básico del sitio web. Si decide rechazarlo, es posible que no podamos brindarle la experiencia de navegación óptima en el sitio web.",
      "PURPOSES_BODY_CCPA": "Cuando visita nuestro sitio web, almacenamos cookies en su navegador para recopilar información. Esta información puede estar relacionada con usted o su dispositivo, sus preferencias, y se utiliza principalmente para que el sitio web funcione como espera y para brindar una experiencia de navegación web más personalizada. Su privacidad es importante para nosotros, puede optar por no permitir algunos tipos de cookies. Haga clic en el encabezado de la categoría de cookies diferente para obtener más información y cambiar nuestra configuración predeterminada. Tiene la opción de deshabilitar ciertos tipos de almacenamiento que pueden no ser necesarios para el funcionamiento básico del sitio web. Si decide rechazarlo, es posible que no podamos brindarle la experiencia de navegación óptima en el sitio web. No puede deshabilitar nuestras cookies de origen estrictamente necesarias, ya que se implementan para garantizar el funcionamiento adecuado de nuestro sitio web. Como iniciar sesión en su cuenta, recordar su configuración, mostrar el banner de cookies y redireccionar cuando cierra sesión, etc.",
      "PURPOSES_BODY_GDPR": "Para brindar las mejores experiencias, nosotros y nuestros socios utilizamos cookies y tecnologías para almacenar y / o acceder a la información del dispositivo. El consentimiento de estas tecnologías nos permitirá a nosotros y a nuestros socios procesar datos personales como el comportamiento de navegación o identificaciones únicas en este sitio. No dar su consentimiento o retirar el consentimiento puede afectar negativamente a determinadas características y funciones. Puede ejercer su derecho a dar su consentimiento u oponerse a un interés legítimo, en función de un propósito específico o a nivel de socio en el enlace de cada propósito. Estas opciones se señalarán a nuestros proveedores que participan en el Marco de Transparencia y Consentimiento.",
      "PURPOSE_TEXT": "Propósito",
      "REJECT_ALL_BTN": "DESACTIVAR TODO",
      "REVOKE_ALL": "Revocar todos los consentimientos",
      "SAVE_EXIT": "Guardar y salir",
      "SEARCH_TEXT": "Buscar proveedores de IAB y Google",
      "SHOW_VENDORS": "Mostrar proveedores",
      "STATUS": "Estado",
      "VENDORS": "Vendedores",
      "VENDORS_DESC": "Estos son los socios con los que compartimos datos. Puede ver para qué fines están solicitando el consentimiento y / o para qué fines están reclamando un interés legítimo haciendo clic en cada socio. Puede activar y desactivar cada uno para controlar si los datos se comparten con ellos o puede deshabilitar todo el procesamiento de datos. Sin embargo, tenga en cuenta que al deshabilitar todo el procesamiento de datos, algunas funciones del sitio pueden verse afectadas.\nPara algunos fines, sus datos personales pueden procesarse por motivos legales de interés legítimo.",
      "VENDOR_CONSENT": "Consentimiento de proveedores",
      "VENDOR_LEGITIMATE_INTEREST": "Proveedores que reclaman un interés legítimo",
      "VIEW_FIRST_PARTY": "Ver cookies",
      "VIEW_THIRD_PARTY": "Ver cookies de terceros",
      "privacy_info": {
        "consent": {
          "desc": "Este sitio y sus socios almacenan y acceden a datos personales basados en identificadores únicos como cookies, y antes del procesamiento de cualquier dato personal, la Legislación General de Protección de Datos de la UE exige el consentimiento libre. Como tal, solicitamos su consentimiento para permitirnos a nosotros y a nuestros socios procesar sus datos para brindarle la mejor experiencia.\n\nAcepta compartir sus datos personales con nosotros y nuestros socios en esta propiedad al dar su consentimiento para el procesamiento de datos en esta plataforma. Si no acepta o retira el consentimiento de todos los proveedores para el procesamiento de datos, esto afectará negativamente el funcionamiento del sitio y su experiencia.",
          "title": "¿Por qué necesitas mi consentimiento?"
        },
        "cookies": [
          {
            "body": "Una cookie es un archivo de texto simple que se envía junto con las páginas de un sitio web y los navegadores lo almacenan en el disco duro de la computadora u otros dispositivos como un teléfono inteligente. Las cookies no pueden dañar su dispositivo ni los archivos.",
            "heading": "Cómo trabajan ellos"
          },
          {
            "body": "Las cookies están diseñadas para ser un mecanismo confiable para que los sitios web recuerden información con estado, como elementos agregados en el carrito de compras en una tienda en línea, o para registrar la actividad de navegación del usuario, incluyendo hacer clic en botones particulares, iniciar sesión o registrar qué páginas se visitaron en el pasado. . También se pueden usar para recordar información que el usuario ingresó previamente en los campos del formulario, como nombres, direcciones, contraseñas y números de tarjetas de pago.",
            "heading": "Cómo trabajan ellos"
          }
        ],
        "data": {
          "desc": "Procesamos sus datos para una variedad de propósitos y funciones Al dar su consentimiento para todo el procesamiento de datos en esta propiedad, usted acepta que nosotros y nuestros socios procesen sus datos personales con fines y funciones, para que podamos mejorar nuestros servicios y hacerlo más fácil para que tengas una mejor experiencia. No dar su consentimiento o revocar el consentimiento puede tener un efecto negativo en las características y funciones de nuestros sitios web o aplicaciones.",
          "title": "¿Por qué estás usando mis datos?"
        },
        "process": [
          {
            "body": "Este sitio web y los proveedores externos almacenarán y / o accederán a información desde el dispositivo del usuario y procesarán sus datos personales."
          },
          {
            "body": "Algunos proveedores pueden estar procesando sus datos personales por motivos de interés legítimo. Puede hacer clic aquí para obtener más información al respecto y / o objetar."
          }
        ]
      }
    }
  },
  "purposes": {
    "advertising": {
      "description": "Estas cookies son esenciales para proporcionarle los servicios disponibles a través del sitio web y para permitirle utilizar algunas de sus funciones. Ayudan a autenticar a los usuarios y a prevenir el uso fraudulento de cuentas de usuario. Sin estas cookies, los servicios que ha solicitado no se pueden proporcionar, y solo usamos estas cookies para brindarle esos servicios.",
      "heading": "Cookies publicitarias",
      "title": "Cookies publicitarias"
    },
    "analytics": {
      "description": "Las cookies publicitarias rastrean la actividad en los sitios web con el fin de comprender los intereses de un espectador y dirigirle marketing específico. Algunos ejemplos incluyen: cookies utilizadas para remarketing o publicidad basada en intereses.",
      "heading": "Cookies analíticas",
      "title": "Cookies analíticas"
    },
    "essential": {
      "description": "Estas cookies son esenciales para proporcionarle los servicios disponibles a través del sitio web y para permitirle utilizar algunas de sus funciones. Ayudan a autenticar a los usuarios y a prevenir el uso fraudulento de cuentas de usuario. Sin estas cookies, los servicios que ha solicitado no se pueden proporcionar, y solo usamos estas cookies para brindarle esos servicios.",
      "heading": "Cookies esenciales",
      "title": "Cookies esenciales"
    },
    "socialmedia": {
      "description": "Estas cookies han sido agregadas al sitio por varios servicios de redes sociales, para que pueda compartir nuestro contenido con amigos y redes. Son capaces de rastrear su navegador en otros sitios y crear un perfil de sus intereses. Esto puede tener un impacto en el contenido y los mensajes que ve en otros sitios web que visita. Si no permite estas cookies, es posible que no pueda usar o ver estas herramientas compartidas.",
      "heading": "Cookies de redes sociales",
      "title": "Cookies de redes sociales"
    },
    "unclassified": {
      "description": "Las cookies no clasificadas son cookies que estamos en proceso de clasificar, junto con los proveedores de cookies individuales.",
      "heading": "Sin clasificar",
      "title": "Sin clasificar"
    }
  }
}