{
  "POWERED_BY": "Alimenté par",
  "COMMOM": {
    "ALWAYS_ALLOW": "Toujours autoriser"
  },
  "CONFIG": {
    "BANNER": {
      "DONOTSELL": "Ne vendez pas mes données",
      "GDPR_HEAD": "Nous et nos partenaires stockons et / ou accédons aux informations sur un appareil, telles que les cookies, et traitons les données personnelles, telles que les identifiants uniques et les informations standard envoyées par un appareil pour les publicités et le contenu personnalisés, la mesure des publicités et du contenu, et les informations sur l'audience, comme ainsi que pour développer et améliorer les produits. Vous pouvez accepter ou gérer vos choix en cliquant ci-dessous, y compris votre droit de vous opposer lorsqu'un intérêt légitime est utilisé, ou à tout moment dans la page de politique de confidentialité. Ces choix seront communiqués à nos partenaires et n'auront aucun impact sur les données de navigation.",
      "REJECT_ALL_BTN": "Tout rejeter",
      "badgeButton": "Consentement aux cookies",
      "body": "En cliquant sur «Accepter tout», vous consentez à ce que nous et tous les tiers mentionnés dans notre paramètre de préférence de confidentialité et de cookies pour stocker des cookies et d'autres technologies pour améliorer votre expérience sur le site Web, traiter vos données personnelles, vous montrer du contenu et des publicités personnalisés, analyser le site Web efficacité et améliorer nos efforts de marketing.",
      "button": "Savoir plus",
      "buttonAllow": "Accepter tout",
      "buttonAllowReq": "Autoriser requis",
      "buttonCustomize": "Paramètres de confidentialité",
      "buttonDisable": "DÉSACTIVER TOUS LES",
      "title": "Nous nous soucions de votre confidentialité"
    },
    "COMMOM": {
      "ALWAYS_ALLOW": "Toujours autoriser"
    },
    "POPUP": {
      "ACCEPT_ALL_BTN": "Accepter tout",
      "ALLOW_ALL": "Autorise tout",
      "ALWAYS_ALLOW": "Toujours autoriser",
      "AUDIT_ID": {
        "areYouSure": "Êtes-vous sûr de réinitialiser l'ID d'audit?",
        "description": "Nous générons un numéro unique aléatoire pour vous lorsque vous visitez ce site Web. Le but de l'ID d'audit est de conserver un enregistrement de l'historique de vos préférences de consentement sur les cookies que vous avez acceptés et à quel moment. Les informations stockées en relation avec votre ID d'audit incluent la version de la liste des fournisseurs de cookies, une liste des fournisseurs autorisés à traiter vos données et l'horodatage.",
        "myAuditId": "MON ID D'AUDIT *",
        "resetMyAuditId": "Réinitialiser mon ID d'audit",
        "title": "ID d'audit"
      },
      "COMPANY": "Entreprise",
      "COMPANY_NAME": "NOM DU FOURNISSEUR",
      "CONTENT_BODY": "Lorsque vous utilisez ce site, nous collectons des informations personnelles via l'utilisation de technologies telles que les cookies pour améliorer votre expérience sur le site. Cela dit, nous voulons vous permettre de prendre le contrôle de vos données personnelles en vous fournissant des contrôles pour gérer votre expérience. Voir ci-dessous les finalités pour lesquelles nous utilisons vos données. Cliquer sur chaque objectif expliquera ce que chacun est et les fournisseurs qui y sont associés. Vous pouvez également utiliser cet outil pour voir les fournisseurs avec lesquels nous travaillons et les catégories de données que nous utilisons.",
      "CONTENT_BODY_DATA_CAT": "",
      "COOKIE_INFO": {
        "category": "CATÉGORIE",
        "desc": "La description",
        "host": "Hôte",
        "name": "Prénom",
        "type": "Type"
      },
      "DISABLE_ALL": "DÉSACTIVER TOUS LES",
      "DONOTSELL": "Ne vendez pas mes données",
      "DO_NOT_SELL_MY_DATA": "Ne vendez pas mes données",
      "FEATURES": "caractéristiques",
      "FOOTER_TEXT": "* Le consentement est stocké et traité conformément à la politique du cadre de transparence et de consentement de l'IAB.",
      "GIVE_ALL_CONSENT": "Donner tous les consentements",
      "GIVE_CONSENT_TO_ALL": "Donner le consentement à tous",
      "GOOGLE_VENDOR": "Fournisseurs Google",
      "HIDE_VENDORS": "Masquer les fournisseurs",
      "IAB_VENDOR": "Vendeurs Iab",
      "LEARN_PRIVACY_TITLE": "En savoir plus sur la confidentialité",
      "MANAGE_PRIVACY": "Gérez votre confidentialité",
      "MANAGE_SETTING_BTN": "Sauvegarder mes choix",
      "ONOFF": "ÉTEINT ALLUMÉ",
      "PRIVACY": "Intimité",
      "PRIVACY_INFO": "Informations de confidentialité",
      "PRIVACY_INFO_BODY_TEXT": "Utilisez cette page pour en savoir plus sur la confidentialité des données et comment les données sont utilisées pour améliorer votre expérience sur le site.",
      "PRIVACY_INFO_TITLE": "Informations sur la confidentialité",
      "PRIVACY_MANAGER": "Gestionnaire de confidentialité",
      "PURPOSES": "Objectifs",
      "PURPOSES_BODY": "Lorsque vous visitez notre site Web, nous stockons des cookies sur votre navigateur pour collecter des informations. Ces informations peuvent être liées à vous ou à votre appareil, à vos préférences et sont principalement utilisées pour faire fonctionner le site Web comme vous le souhaitez et pour offrir une expérience de navigation Web plus personnalisée. Votre vie privée est importante pour nous, vous pouvez choisir de ne pas autoriser certains types de cookies. Cliquez sur l'en-tête des différentes catégories de cookies pour en savoir plus et modifier nos paramètres par défaut. Vous avez la possibilité de désactiver certains types de stockage qui peuvent ne pas être nécessaires au fonctionnement de base du site Web. Si vous décidez de refuser, nous ne serons peut-être pas en mesure de vous offrir une expérience de navigation optimale sur le site Web.",
      "PURPOSES_BODY_CCPA": "Lorsque vous visitez notre site Web, nous stockons des cookies sur votre navigateur pour collecter des informations. Ces informations peuvent être liées à vous ou à votre appareil, à vos préférences et sont principalement utilisées pour faire fonctionner le site Web comme vous le souhaitez et pour offrir une expérience de navigation Web plus personnalisée. Votre vie privée est importante pour nous, vous pouvez choisir de ne pas autoriser certains types de cookies. Cliquez sur l'en-tête des différentes catégories de cookies pour en savoir plus et modifier nos paramètres par défaut. Vous avez la possibilité de désactiver certains types de stockage qui peuvent ne pas être nécessaires au fonctionnement de base du site Web. Si vous décidez de refuser, nous ne serons peut-être pas en mesure de vous offrir une expérience de navigation optimale sur le site Web. Vous ne pouvez pas désactiver nos cookies essentiels de première partie strictement nécessaires car ils sont mis en œuvre pour assurer le bon fonctionnement de notre site Web. Par exemple, connectez-vous à votre compte, mémorisez vos paramètres, affichez la bannière de cookies et redirigez lorsque vous vous déconnectez, etc.",
      "PURPOSES_BODY_GDPR": "Pour offrir les meilleures expériences, nous et nos partenaires utilisons des cookies et des technologies pour stocker et / ou accéder aux informations sur les appareils. Le consentement à ces technologies nous permettra, ainsi qu'à nos partenaires, de traiter des données personnelles telles que le comportement de navigation ou des identifiants uniques sur ce site. Ne pas consentir ou retirer son consentement peut nuire à certaines fonctionnalités et fonctionnalités. Vous pouvez exercer votre droit de consentement ou de vous opposer à un intérêt légitime, sur la base d'un objectif spécifique ou au niveau d'un partenaire dans le lien sous chaque objectif. Ces choix seront signalés à nos fournisseurs participant au cadre de transparence et de consentement.",
      "PURPOSE_TEXT": "Objectif",
      "REJECT_ALL_BTN": "DÉSACTIVER TOUS LES",
      "REVOKE_ALL": "Révoquer tous les consentements",
      "SAVE_EXIT": "Sauvegarder et quitter",
      "SEARCH_TEXT": "Rechercher des fournisseurs IAB et Google",
      "SHOW_VENDORS": "Afficher les fournisseurs",
      "STATUS": "Statut",
      "VENDORS": "Vendeurs",
      "VENDORS_DESC": "Ce sont les partenaires avec lesquels nous partageons des données. Vous pouvez voir à quelles fins ils demandent le consentement et / ou pour quels buts ils revendiquent un intérêt légitime en cliquant sur chaque partenaire. Vous pouvez activer et désactiver chacun d'eux pour contrôler si les données sont partagées ou non avec eux ou désactiver tout traitement des données. Cependant, veuillez noter qu'en désactivant tous les traitements de données, certaines fonctionnalités du site peuvent être affectées.\nÀ certaines fins, vos données personnelles peuvent être traitées sur la base d'un intérêt légitime.",
      "VENDOR_CONSENT": "Consentement des vendeurs",
      "VENDOR_LEGITIMATE_INTEREST": "Vendeurs réclamant un intérêt légitime",
      "VIEW_FIRST_PARTY": "Afficher les cookies",
      "VIEW_THIRD_PARTY": "Afficher les cookies tiers",
      "privacy_info": {
        "consent": {
          "desc": "Ce site et ses partenaires stockent et accèdent aux données personnelles basées sur des identifiants uniques tels que les cookies, et avant le traitement de toute donnée personnelle, la législation générale de l'UE sur la protection des données appelle au libre consentement. À ce titre, nous demandons votre consentement pour nous permettre, ainsi qu'à nos partenaires, de traiter vos données afin de vous offrir la meilleure expérience.\n\nVous acceptez de partager vos données personnelles avec nous et nos partenaires sur cette propriété en consentant au traitement des données sur cette plateforme. Si vous n'acceptez pas ou retirez le consentement de tous les fournisseurs pour le traitement des données, cela affectera négativement le fonctionnement du site et votre expérience.",
          "title": "Pourquoi avez-vous besoin de mon consentement?"
        },
        "cookies": [
          {
            "body": "Un cookie est un simple fichier texte envoyé avec les pages d'un site Web et stocké par les navigateurs sur le disque dur de l'ordinateur ou d'autres appareils en tant que téléphone intelligent. Les cookies ne peuvent pas endommager votre appareil ou les fichiers dans.",
            "heading": "Comment ils travaillent"
          },
          {
            "body": "Les cookies sont conçus pour être un mécanisme fiable permettant aux sites Web de se souvenir des informations avec état telles que les éléments ajoutés dans le panier d'achat dans une boutique en ligne ou pour enregistrer l'activité de navigation de l'utilisateur, y compris en cliquant sur des boutons particuliers, en se connectant ou en enregistrant les pages visitées dans le passé. . Ils peuvent également être utilisés pour mémoriser des informations que l'utilisateur a précédemment entrées dans les champs du formulaire, telles que les noms, adresses, mots de passe et numéros de carte de paiement.",
            "heading": "Comment ils travaillent"
          }
        ],
        "data": {
          "desc": "Nous traitons vos données à diverses fins et fonctionnalités.En consentant à tout traitement de données sur cette propriété, vous acceptez que vos données personnelles soient traitées à des fins et fonctionnalités par nous et nos partenaires, afin que nous puissions améliorer nos services et le rendre plus facile. pour que vous ayez une meilleure expérience. Le fait de ne pas consentir ou de révoquer le consentement peut avoir un effet négatif sur les fonctionnalités et les fonctions de nos sites Web ou applications.",
          "title": "Pourquoi utilisez-vous mes données?"
        },
        "process": [
          {
            "body": "Ce site Web et les fournisseurs tiers stockeront et / ou accèderont aux informations de l'appareil de l'utilisateur et traiteront leurs données personnelles."
          },
          {
            "body": "Certains fournisseurs peuvent traiter vos données personnelles pour des motifs d'intérêt légitime. Vous pouvez cliquer ici pour plus d'informations à ce sujet et / ou pour vous opposer."
          }
        ]
      }
    }
  },
  "purposes": {
    "advertising": {
      "description": "Ces cookies sont essentiels pour vous fournir les services disponibles sur le site Web et pour vous permettre d'utiliser certaines de ses fonctionnalités. Ils aident à authentifier les utilisateurs et à empêcher l'utilisation frauduleuse des comptes d'utilisateurs. Sans ces cookies, les services que vous avez demandés ne peuvent pas être fournis et nous n'utilisons ces cookies que pour vous fournir ces services.",
      "heading": "Cookies publicitaires",
      "title": "Cookies publicitaires"
    },
    "analytics": {
      "description": "Les cookies publicitaires suivent l'activité sur les sites Web afin de comprendre les intérêts d'un spectateur et de lui diriger un marketing spécifique. Quelques exemples incluent: les cookies utilisés pour le remarketing ou la publicité ciblée par centres d'intérêt.",
      "heading": "Cookies analytiques",
      "title": "Cookies analytiques"
    },
    "essential": {
      "description": "Ces cookies sont essentiels pour vous fournir les services disponibles sur le site Web et pour vous permettre d'utiliser certaines de ses fonctionnalités. Ils aident à authentifier les utilisateurs et à empêcher l'utilisation frauduleuse des comptes d'utilisateurs. Sans ces cookies, les services que vous avez demandés ne peuvent pas être fournis et nous n'utilisons ces cookies que pour vous fournir ces services.",
      "heading": "Cookies essentiels",
      "title": "Cookies essentiels"
    },
    "socialmedia": {
      "description": "Ces cookies ont été ajoutés au site par divers services de médias sociaux, afin que vous puissiez partager notre contenu avec des amis et des réseaux. Ils sont capables de suivre votre navigateur sur d'autres sites et de créer un profil de vos intérêts. Cela peut avoir un impact sur le contenu et les messages que vous voyez sur d'autres sites Web que vous visitez. Si vous n'autorisez pas ces cookies, vous ne pourrez peut-être pas utiliser ou afficher ces outils partagés.",
      "heading": "Cookies de réseaux sociaux",
      "title": "Cookies de réseaux sociaux"
    },
    "unclassified": {
      "description": "Les cookies non classés sont des cookies que nous sommes en train de classer, avec les fournisseurs de cookies individuels.",
      "heading": "Non classé",
      "title": "Non classé"
    }
  }
}