{
  "about": {
    "title": "Know the Laws and Guidelines Relevant to Data Privacy",
    "desc": "<p>You should educate yourself on the fundamentals of the European Union&#39s GDPR (General Data Protection Regulation) and California&#39s CCPA (California Consumer Protection Act) so that you can determine which regulation will suit your organization and avoid violating the law while operating it.</p>",
    "list": [
      {
        "title": "What is Data Privacy Laws?",
        "desc": "Data privacy laws regulate the gathering, storing, and utilization of personally identifiable\ninformation of an individual. Today, the EU&#39s General Data Protection Regulation and California\nConsumer Protection Act privacy laws are the two that receive the most attention."
      },
      {
        "title": "What are cookies?",
        "desc": "When a user visits a website a small piece of data called a cookie is dropped on their device.\nCookies gather user information and browsing history to aid website owners in providing\nvisitors with a more enriched and personalized browsing experience while respecting their\nprivacy."
      },
      {
        "title": "What are SDKs?",
        "desc": "SDKs (Software Development Kits) behave like third-party cookies but operate in the mobile\napp environment, where cookies are unable to function properly. It can detect and analyze how\nthe mobile app is being used and performed, which can help the app owner to optimize his\napplication according to user requirements."
      },
      {
        "title": "How should a business make its website or app compliant?",
        "desc": "The owner of a company should take the appropriate actions to maintain compliance <p>1. An app or business owner should be transparent about customer information.</p><p>2. A company owner should examine every single third-party cookie </p><p>3. They should block the cookie if they discover any cookie that could harm visitors&#39\ndata.</p><p>4. Choose a Consent Management Platform that can offer all the features and\nconveniences needed to remain compliant with the legislation.</p>"
      },
      {
        "title": "Which compliance platform is best for businesses?",
        "desc": "A Business owner ought to invest in a tool such as a Consent Management Platform that offers\nsubsequent advantages like<p>1. A platform that can quickly scan your website and all its subdomains and gives\naccess to all the cookie information on your website in one location and provides an\nauto cookie-blocking feature.</p><p>2. That lets users activate or disable specific kinds of cookies or storage and allow\nthem to save their choice.</p><p>3. A platform allowing the user to save their preferences.</p><p>4. It also provides a DSAR (Data Subject Access Request) feature.</p><p>5. That you can quickly integrate into your website.</p>"
      },
      {
        "title": "How do business owners determine which Data Privacy Laws to adhere to?",
        "desc": "The geographical area and the type of business both play a role in determining the data privacy\nlaw.\nAllow me to elaborate.\nGDPR applies to all types of businesses and websites in the European Union.\nCCPA protection is only applicable to profitable businesses and is limited to individuals who are\nlegally living in California. Any organization from these areas should comply with these\nregulations to avoid facing severe penalties."
      }
    ]
  },
  "howitworks": {
    "title": "Know How to Deal with Consent",
    "desc": "<p>Consent Management enables a website to comply with GDPR requirements by obtaining user consent for the collection of their data through cookies.</p><p>You may sit, relax and be stress-free regarding GDPR compliance if you choose an appropriate consent management platform that suits your organization.</p>",
    "list": [
      {
        "title": "What qualities a CMP should have?",
        "desc": "To earn customers&#39 faith to acquire, keep and utilize personal data, organizations should go for\na Consent Management Platform (CMP) to show that they comply with privacy laws and\nconsent standards. \n<p>1. A CMP should be simple to use and fulfill all client requirements.</p><p>2. It should offer a personalized user experience.</p><p>3. It should make sure that users must provide their consent before their data is\ncollected.</p><p>4. In case of any legal activity, CMP must give clients certificates that contain\nconsent proof of the user.</p>"
      },
      {
        "title": "Describe TCF",
        "desc": "<p>1. The IAB Europe Transparency and Consent Framework (TCF) is a compliance\nsolution.</p><p>2. TCF assists advertising agencies in handling user data with their consent by\nGDPR.</p><p>3. It establishes a setting where website publishers can inform visitors of the data\nbeing gathered and the purposes for which their partner advertising agencies plan to\nuse it.</p><p>4. TCF provides a standard language for communication across the publishing and\nadvertising sectors so they can use consumer data to deliver relevant online\nadvertising and content.</p>"
      },
      {
        "title": "What rules are included in the GDPR?",
        "desc": "<p>1. The request for consent must be written plainly.</p><p>2. Users should have options when providing their consent.</p><p>3. At any moment, a user may revoke their consent and request to delete their\ndata.</p><p>4. Consent should be periodically checked and updated.</p>"
      },
      {
        "title": "What rules are included in the CCPA?",
        "desc": "<p>1. Residents of California have the freedom to choose “Do Not Sell My data.”</p><p>2. Right to request disclosure of data already collected.</p><p>3. Right to request deletion of data.</p><p>4. Right to equal service and price.</p><p>5. Right to be informed of data processing at any time.<p>"
      }
    ]
  },
  "preview": {
    "title": "Adzapier Privacy Manager",
    "desc": "You will have the finest data privacy experience with this tool.\nTo display the Adzapier Privacy UI, choose the regulation that best fits your organization and\nclick <b>Show Privacy Manager.</b>",
    "list": [
      {
        "title": "My Privacy Manager Settings",
        "desc": "Choose the appropriate banner, publish it, from the Production CDN pop-up, copy and paste\nthe Org Id and Prop Id then click on <b>Show Privacy Manager.</b>"
      },
      {
        "title": "Consent String",
        "desc": "The Adzapier Privacy UI page will appear after you select Show Privacy Manager. A consent\nstring will then be generated and saved on your device after you save your options there."
      },
      {
        "title" : "Purposes",
        "desc" : "We use cookies to collect information related to you and your device. We can analyze and\nprocess your data to deliver the best experience if you agree to these purposes. <p>It may have an impact on some features and functionalities if you choose to reject the purpose. You can modify your choices at any time. Our partnering vendors participating in TCF will be informed about these options.</p>"
      }
    ]
  },
  "faqs" : {
    "title" : "Frequently Asked Questions",
    "desc" : "",
    "list": [
      {
        "title": "Where do I get the Org ID and Prop ID?",
        "desc": "We consider your website as property. When you log in to Adzapier&#39s application and access your\nproperty, you will get your Prop ID and Org ID."
      },
      {
        "title": "The setup was altered by me. However, the preview does not display it.",
        "desc": "If you modify the setup but the preview does not reflect your changes, then you should clear the app\ncache and reopen the application."
      },
      {
        "title": "How do I integrate Adzapier Privacy Manager into my app?",
        "desc": "You can integrate Adzapier Privacy Manager by downloading the Privacy Manager SDK from\nGitHub or by adding a gradle-based dependency from GitHub.<b>Please <a href=\"https://support.adzapier.com/help-center/articles/77/how-to-integrate-adzapier-privacy-manager-with-your-mobile-app\">visit this page</a> to learn\nhow to integrate.</b>"
      },
      {
        "title": "What is the TCF consent string?",
        "desc": "You can view the TCF consent string in the app&#39s preview tab. This consent string only shows the consent\nfor TCF vendors."
      },
      {
        "title": "How can I decode the consent string?",
        "desc": "You can decode the consent string and check whether it is correct or not. To decode Please <a href='https://iabtcf.com/#/'>click here.</a>"
      },
      {
        "title": "Can I create my interface while using Adzapier Privacy Manager SDK?",
        "desc": "Yes, you can. If you don&#39t want to use Adzapier&#39s Privacy Manager interface, you can still use the SDK\nbecause it features an integration that lets you create your Privacy Manager interface."
      },
      {
        "title": "What is an Audit ID?",
        "desc": "An Audit ID is a unique number generated whenever users use your app. The goal of Audit ID is to\nmaintain a record of the consent preferences of your visitors, as well as the cookies they have accepted."
      },
      {
        "title": "Where can I find my Audit ID?",
        "desc": "You can find your Audit ID on the CCPA and Global banner&#39s Privacy Information tab."
      },
      {
        "title": "If my smartphone is offline, Will Privacy Manager still work properly?",
        "desc": "If your smartphone is offline, Privacy Manager will still function. But the most recent app updates won&#39t\nappear if you don&#39t connect to the internet."
      }
    ]
  }
}
