{
  "POWERED_BY": "Aangedreven door",
  "COMMOM": {
    "ALWAYS_ALLOW": "Altijd toestaan"
  },
  "CONFIG": {
    "BANNER": {
      "DONOTSELL": "Verkoop mijn gegevens niet",
      "GDPR_HEAD": "Wij en onze partners slaan en / of hebben toegang tot informatie op een apparaat, zoals cookies, en verwerken persoonlijke gegevens, zoals unieke identificatiegegevens en standaardinformatie die door een apparaat wordt verzonden voor gepersonaliseerde advertenties en inhoud, advertentie- en inhoudsmeting en publieksinzichten, zoals evenals om producten te ontwikkelen en te verbeteren. U kunt uw keuzes accepteren of beheren door hieronder te klikken, inclusief uw recht om bezwaar te maken wanneer legitiem belang wordt gebruikt, of op elk moment op de pagina met het privacybeleid. Deze keuzes worden aan onze partners meegedeeld en hebben geen invloed op de browsegegevens.",
      "REJECT_ALL_BTN": "Alles afwijzen",
      "badgeButton": "Cookie toestemming",
      "body": "Door op \"Alles accepteren\" te klikken, stemt u ermee in dat wij en alle derde partijen die worden genoemd in onze Privacy- en cookievoorkeurinstellingen cookies en andere technologieën opslaan om uw website-ervaring te verbeteren, uw persoonlijke gegevens te verwerken, u gepersonaliseerde inhoud en advertenties te tonen, website te analyseren. efficiëntie en verbetering van onze marketinginspanningen.",
      "button": "Meer weten",
      "buttonAllow": "Accepteer alles",
      "buttonAllowReq": "Toestaan Vereist",
      "buttonCustomize": "Privacy instellingen",
      "buttonDisable": "Schakel alles uit",
      "title": "Wij geven om uw privacy"
    },
    "COMMOM": {
      "ALWAYS_ALLOW": "Altijd toestaan"
    },
    "POPUP": {
      "ACCEPT_ALL_BTN": "Accepteer alles",
      "ALLOW_ALL": "Sta alles toe",
      "ALWAYS_ALLOW": "Altijd toestaan",
      "AUDIT_ID": {
        "areYouSure": "Weet u zeker dat Controle-ID opnieuw instellen?",
        "description": "We genereren een willekeurig uniek nummer voor u wanneer u deze website bezoekt. Het doel van de audit-ID is om bij te houden wat uw toestemmingsvoorkeur is, welke cookies u heeft geaccepteerd en wanneer. De informatie die is opgeslagen met betrekking tot uw audit-ID omvat een versie van de lijst met cookieleveranciers, een lijst met leveranciers die uw gegevens mogen verwerken en een tijdstempel.",
        "myAuditId": "MIJN AUDIT-ID *",
        "resetMyAuditId": "Reset mijn controle-ID",
        "title": "Audit-ID"
      },
      "COMPANY": "Bedrijf",
      "COMPANY_NAME": "Naam leverancier",
      "CONTENT_BODY": "Wanneer u deze site gebruikt, verzamelen we persoonlijke informatie via het gebruik van technologieën zoals cookies om uw site-ervaring te verbeteren. Dat gezegd hebbende, willen we u in staat stellen om controle te krijgen over uw persoonlijke gegevens door u controles te bieden om uw ervaring te beheren. Zie hieronder voor de doeleinden waarvoor we uw gegevens gebruiken. Als u op elk doel klikt, wordt uitgelegd wat elk is en welke leveranciers eraan zijn gekoppeld. U kunt deze tool ook gebruiken om te zien met welke leveranciers we werken en welke gegevenscategorieën we gebruiken.",
      "CONTENT_BODY_DATA_CAT": "",
      "COOKIE_INFO": {
        "category": "Categorie",
        "desc": "Omschrijving",
        "host": "Gastheer",
        "name": "Naam",
        "type": "Type"
      },
      "DISABLE_ALL": "Schakel alles uit",
      "DONOTSELL": "Verkoop mijn gegevens niet",
      "DO_NOT_SELL_MY_DATA": "Verkoop mijn gegevens niet",
      "FEATURES": "kenmerken",
      "FOOTER_TEXT": "* Toestemming wordt opgeslagen en verwerkt in overeenstemming met het IAB Transparency and Consent Framework-beleid.",
      "GIVE_ALL_CONSENT": "Geef alle toestemming",
      "GIVE_CONSENT_TO_ALL": "Geef iedereen toestemming",
      "GOOGLE_VENDOR": "Google-leveranciers",
      "HIDE_VENDORS": "Verberg leveranciers",
      "IAB_VENDOR": "Iab-leveranciers",
      "LEARN_PRIVACY_TITLE": "Lees meer over privacy",
      "MANAGE_PRIVACY": "Beheer uw privacy",
      "MANAGE_SETTING_BTN": "Bewaar mijn keuzes",
      "ONOFF": "Uit / AAN",
      "PRIVACY": "Privacy",
      "PRIVACY_INFO": "Privacy informatie",
      "PRIVACY_INFO_BODY_TEXT": "Gebruik deze pagina voor meer informatie over gegevensprivacy en hoe gegevens worden gebruikt om uw site-ervaring te verbeteren.",
      "PRIVACY_INFO_TITLE": "PRIVACY-INFO",
      "PRIVACY_MANAGER": "Privacy Manager",
      "PURPOSES": "doeleinden",
      "PURPOSES_BODY": "Wanneer u onze website bezoekt, slaan we een cookie op in uw browser om informatie te verzamelen. Deze informatie kan betrekking hebben op jou of je apparaat, je voorkeuren en wordt meestal gebruikt om de website te laten werken zoals je verwacht en om een persoonlijkere surfervaring te bieden. Uw privacy is belangrijk voor ons, u kunt ervoor kiezen om sommige soorten cookies niet toe te staan. Klik op de kop van de andere cookie-categorie voor meer informatie en om onze standaardinstellingen te wijzigen. U heeft de mogelijkheid om bepaalde soorten opslag uit te schakelen die misschien niet nodig zijn voor de basiswerking van de website. Als u besluit dit te weigeren, kunnen we u mogelijk niet de optimale surfervaring op uw website bieden.",
      "PURPOSES_BODY_CCPA": "Wanneer u onze website bezoekt, slaan we een cookie op in uw browser om informatie te verzamelen. Deze informatie kan betrekking hebben op jou of je apparaat, je voorkeuren en wordt meestal gebruikt om de website te laten werken zoals je verwacht en om een persoonlijkere surfervaring te bieden. Uw privacy is belangrijk voor ons, u kunt ervoor kiezen om sommige soorten cookies niet toe te staan. Klik op de kop van de andere cookie-categorie voor meer informatie en om onze standaardinstellingen te wijzigen. U heeft de mogelijkheid om bepaalde soorten opslag uit te schakelen die misschien niet nodig zijn voor de basiswerking van de website. Als u besluit dit te weigeren, kunnen we u mogelijk niet de optimale surfervaring op uw website bieden. U kunt onze strikt noodzakelijke cookies van de eerste partij niet uitschakelen, aangezien ze worden geïmplementeerd om de goede werking van onze website te garanderen. Zoals inloggen op uw account, uw instellingen onthouden, de cookie-banner opvragen en doorverwijzen wanneer u uitlogt enz.",
      "PURPOSES_BODY_GDPR": "Om de beste ervaringen te bieden, gebruiken wij en onze partners cookies en technologieën om apparaatinformatie op te slaan en / of te openen. Door in te stemmen met deze technologieën, kunnen wij en onze partners persoonlijke gegevens zoals browsegedrag of unieke ID's op deze site verwerken. Het niet toestaan of intrekken van toestemming kan een nadelige invloed hebben op bepaalde kenmerken en functies. U kunt uw recht op toestemming of bezwaar tegen legitiem belang uitoefenen op basis van een specifiek doel of op partnerniveau in de link onder elk doel. Deze keuzes zullen worden gemeld aan onze leveranciers die deelnemen aan het Transparantie- en Toestemmingskader.",
      "PURPOSE_TEXT": "Doel",
      "REJECT_ALL_BTN": "Schakel alles uit",
      "REVOKE_ALL": "Trek alle toestemmingen in",
      "SAVE_EXIT": "Bewaar en sluit af",
      "SEARCH_TEXT": "Zoek IAB- en Google-leveranciers",
      "SHOW_VENDORS": "Toon leveranciers",
      "STATUS": "staat",
      "VENDORS": "Verkoper",
      "VENDORS_DESC": "Dit zijn de partners waarmee we gegevens delen. U kunt zien voor welke doeleinden ze toestemming vragen en / of voor welke doeleinden ze legitiem belang claimen door op elke partner te klikken. U kunt ze allemaal in- en uitschakelen om te bepalen of gegevens al dan niet met hen worden gedeeld of dat u alle gegevensverwerking kunt uitschakelen. Houd er echter rekening mee dat door het uitschakelen van alle gegevensverwerking, sommige sitefuncties kunnen worden beïnvloed.\nVoor sommige doeleinden kunnen uw persoonsgegevens worden verwerkt op grond van gerechtvaardigd belang.",
      "VENDOR_CONSENT": "Toestemming van leveranciers",
      "VENDOR_LEGITIMATE_INTEREST": "Verkopers die legitiem belang claimen",
      "VIEW_FIRST_PARTY": "Bekijk cookies",
      "VIEW_THIRD_PARTY": "Bekijk cookies van derden",
      "privacy_info": {
        "consent": {
          "desc": "Deze site en zijn partners slaan persoonlijke gegevens op en hebben toegang tot persoonlijke gegevens op basis van unieke identificatiegegevens zoals cookies, en voorafgaand aan de verwerking van persoonlijke gegevens, roept de EU-wetgeving inzake algemene gegevensbescherming om vrije toestemming. Daarom vragen we uw toestemming om ons en onze partners in staat te stellen uw gegevens te verwerken om u de beste ervaring te bieden.\n\nU gaat ermee akkoord om uw persoonlijke gegevens met ons en onze partners op dit terrein te delen door in te stemmen met de gegevensverwerking op dit platform. Als u niet akkoord gaat met of de toestemming van alle leveranciers voor gegevensverwerking intrekt, heeft dit een negatief effect op de sitefunctie en uw ervaring.",
          "title": "Waarom heb je mijn toestemming nodig?"
        },
        "cookies": [
          {
            "body": "Een cookie is een eenvoudig tekstbestand dat met pagina's van een website wordt meegestuurd en door browsers op de harde schijf van de computer of ander apparaat als smartphone wordt opgeslagen. Cookies kunnen uw apparaat of de bestanden erin niet beschadigen.",
            "heading": "Hoe ze werken"
          },
          {
            "body": "Cookies zijn ontworpen als een betrouwbaar mechanisme voor websites om stateful informatie te onthouden, zoals items die zijn toegevoegd aan het winkelwagentje in een online winkel of om de browse-activiteit van de gebruiker vast te leggen, inclusief het klikken op bepaalde knoppen, inloggen of registreren welke pagina's in het verleden zijn bezocht . Ze kunnen ook worden gebruikt om stukjes informatie te onthouden die de gebruiker eerder in formuliervelden heeft ingevoerd, zoals namen, adressen, wachtwoorden en betaalkaartnummers.",
            "heading": "Hoe ze werken?"
          }
        ],
        "data": {
          "desc": "We verwerken uw gegevens voor een reeks doeleinden en functies Door in te stemmen met alle gegevensverwerking op dit terrein, gaat u ermee akkoord dat uw persoonlijke gegevens worden verwerkt voor doeleinden en functies door ons en onze partners, zodat we onze diensten kunnen verbeteren en het gemakkelijker kunnen maken voor een betere ervaring. Het niet geven of intrekken van toestemming kan een negatief effect hebben op de kenmerken en functies van onze websites of apps.",
          "title": "Waarom gebruikt u mijn gegevens?"
        },
        "process": [
          {
            "body": "Deze website en externe leveranciers zullen informatie van het apparaat van de gebruiker opslaan en / of openen en hun persoonlijke gegevens verwerken."
          },
          {
            "body": "Sommige leveranciers verwerken uw persoonsgegevens mogelijk op grond van een gerechtvaardigd belang. U kunt hier klikken voor meer informatie hierover en / of om bezwaar te maken."
          }
        ]
      }
    }
  },
  "purposes": {
    "advertising": {
      "description": "Deze cookies zijn essentieel om u te voorzien van diensten die beschikbaar zijn via de website en om u in staat te stellen enkele van de functies ervan te gebruiken. Ze helpen om gebruikers te authenticeren en frauduleus gebruik van gebruikersaccounts te voorkomen. Zonder deze cookies kunnen de services waar u om hebt gevraagd niet worden geleverd en gebruiken we deze cookies alleen om u van die services te voorzien.",
      "heading": "Advertentiecookies",
      "title": "Advertentiecookies"
    },
    "analytics": {
      "description": "Advertentiecookies houden activiteit op websites bij om de interesses van kijkers te begrijpen en hen specifieke marketing te sturen. Enkele voorbeelden zijn: cookies die worden gebruikt voor remarketing of op interesses gebaseerde advertenties.",
      "heading": "Analytics-cookies",
      "title": "Analytics-cookies"
    },
    "essential": {
      "description": "Deze cookies zijn essentieel om u te voorzien van diensten die beschikbaar zijn via de website en om u in staat te stellen enkele van de functies ervan te gebruiken. Ze helpen om gebruikers te authenticeren en frauduleus gebruik van gebruikersaccounts te voorkomen. Zonder deze cookies kunnen de services waar u om hebt gevraagd niet worden geleverd en gebruiken we deze cookies alleen om u van die services te voorzien.",
      "heading": "Essentiële cookies",
      "title": "Essentiële cookies"
    },
    "socialmedia": {
      "description": "Deze cookies zijn door verschillende social media diensten aan de site toegevoegd, zodat je onze content met vrienden en netwerken kunt delen. Ze kunnen uw browser op andere sites volgen en een profiel van uw interesses opbouwen. Dit kan van invloed zijn op de inhoud en berichten die u ziet op andere websites die u bezoekt. Als u deze cookies niet toestaat, is het mogelijk dat u deze gedeelde tools niet kunt gebruiken of bekijken.",
      "heading": "Cookies voor sociale media",
      "title": "Cookies voor sociale media"
    },
    "unclassified": {
      "description": "Niet-geclassificeerde cookies zijn cookies die we aan het classificeren zijn, samen met de aanbieders van individuele cookies.",
      "heading": "Niet geclassificeerd",
      "title": "Niet geclassificeerd"
    }
  }
}