{
  "POWERED_BY": "供电",
  "COMMOM": {
    "ALWAYS_ALLOW": "总是允许"
  },
  "CONFIG": {
    "BANNER": {
      "DONOTSELL": "不出售我的数据",
      "GDPR_HEAD": "我们和我们的合作伙伴在设备上存储和/或访问信息（例如Cookie），并处理个人数据，例如由设备发送的用于个性化广告和内容，广告和内容衡量以及受众见解的唯一标识符和标准信息。以及开发和改进产品。您可以通过单击以下内容来接受或管理您的选择，包括您反对使用合法权益的权利，或随时在隐私政策页面中。这些选择将传达给我们的合作伙伴，并且不会影响浏览数据。",
      "REJECT_ALL_BTN": "全部拒绝",
      "badgeButton": "Cookie同意",
      "body": "通过单击“全部接受”，您同意我们以及“隐私和Cookies首选项”设置中提到的所有第三方，以存储Cookie和其他技术来改善您的网站体验，处理您的个人数据，向您显示个性化内容和广告，分析网站效率，并改善我们的营销工作。",
      "button": "知道更多",
      "buttonAllow": "全都接受",
      "buttonAllowReq": "允许必填",
      "buttonCustomize": "隐私设置",
      "buttonDisable": "禁用所有",
      "title": "我们关心您的隐私"
    },
    "COMMOM": {
      "ALWAYS_ALLOW": "总是允许"
    },
    "POPUP": {
      "ACCEPT_ALL_BTN": "全都接受",
      "ALLOW_ALL": "允许全部",
      "ALWAYS_ALLOW": "总是允许",
      "AUDIT_ID": {
        "areYouSure": "您确定重置审核ID？",
        "description": "当您访问此网站时，我们会为您生成随机的唯一编号。审核ID的目的是记录您的同意首选项历史记录，记录您接受哪些cookie以及何时接受。与您的审核ID相关的存储信息包括Cookie供应商列表的版本，允许处理您的数据的供应商列表以及时间戳。",
        "myAuditId": "我的审核ID *",
        "resetMyAuditId": "重置我的审核ID",
        "title": "审核ID"
      },
      "COMPANY": "公司",
      "COMPANY_NAME": "厂商名称",
      "CONTENT_BODY": "当您使用本网站时，我们会使用Cookie之类的技术来收集个人信息，以改善您的网站体验。也就是说，我们希望通过为您提供管理体验的控件来使您能够控制自己的个人数据。请参阅下文，以了解我们使用您的数据的目的。单击每个目的将解释每个目的是什么以及与之相关的供应商。您还可以使用此工具查看与我们合作的供应商以及我们使用的数据类别。",
      "CONTENT_BODY_DATA_CAT": "",
      "COOKIE_INFO": {
        "category": "类别",
        "desc": "描述",
        "host": "主办",
        "name": "名称",
        "type": "类型"
      },
      "DISABLE_ALL": "禁用所有",
      "DONOTSELL": "不出售我的数据",
      "DO_NOT_SELL_MY_DATA": "不出售我的数据",
      "FEATURES": "特征",
      "FOOTER_TEXT": "*同意书是按照IAB透明度和同意书框架政策进行存储和处理的。",
      "GIVE_ALL_CONSENT": "给予所有同意",
      "GIVE_CONSENT_TO_ALL": "给予所有人同意",
      "GOOGLE_VENDOR": "Google供应商",
      "HIDE_VENDORS": "隐藏供应商",
      "IAB_VENDOR": "Iab供应商",
      "LEARN_PRIVACY_TITLE": "了解隐私",
      "MANAGE_PRIVACY": "管理您的隐私",
      "MANAGE_SETTING_BTN": "保存我的选择",
      "ONOFF": "关/开",
      "PRIVACY": "隐私",
      "PRIVACY_INFO": "私隐资讯",
      "PRIVACY_INFO_BODY_TEXT": "使用此页面可了解有关数据隐私以及如何使用数据改善您的网站体验的更多信息。",
      "PRIVACY_INFO_TITLE": "隐私信息",
      "PRIVACY_MANAGER": "隐私管理员",
      "PURPOSES": "目的",
      "PURPOSES_BODY": "当您访问我们的网站时，我们会将Cookie存储在您的浏览器中以收集信息。此信息可能与您或您的设备，您的偏好有关，并且主要用于使网站如您所愿地工作并提供更个性化的Web浏览体验。您的隐私对我们很重要，您可以选择不允许某些类型的Cookie。单击其他cookie类别标题以查找更多信息并更改我们的默认设置。您可以选择禁用某些类型的存储，这些存储对于网站的基本功能可能不是必需的。如果您决定拒绝，我们可能无法为您提供最佳的网站浏览体验。",
      "PURPOSES_BODY_CCPA": "当您访问我们的网站时，我们会将Cookie存储在您的浏览器中以收集信息。此信息可能与您或您的设备，您的偏好有关，并且主要用于使网站如您所愿地工作并提供更个性化的Web浏览体验。您的隐私对我们很重要，您可以选择不允许某些类型的Cookie。单击其他cookie类别标题以查找更多信息并更改我们的默认设置。您可以选择禁用某些类型的存储，这些存储对于网站的基本功能可能不是必需的。如果您决定拒绝，我们可能无法为您提供最佳的网站浏览体验。为确保我们网站的正常运行，您不能禁用我们的基本第一方严格必要的Cookie。例如登录到您的帐户，记住您的设置，提示Cookie标语并在注销时重定向等。",
      "PURPOSES_BODY_GDPR": "为了提供最佳体验，我们和我们的合作伙伴使用cookie和技术来存储和/或访问设备信息。同意这些技术将使我们和我们的合作伙伴能够处理个人数据，例如浏览行为或此站点上的唯一ID。不同意或撤回同意，可能会对某些功能产生不利影响。您可以基于特定目的或在每个目的下的链接的合作伙伴级别行使同意或反对合法利益的权利。这些选择将被告知参与透明度和同意框架的供应商。",
      "PURPOSE_TEXT": "目的",
      "REJECT_ALL_BTN": "禁用所有",
      "REVOKE_ALL": "撤销所有同意",
      "SAVE_EXIT": "保存并退出",
      "SEARCH_TEXT": "搜索IAB和Google供应商",
      "SHOW_VENDORS": "显示供应商",
      "STATUS": "状态",
      "VENDORS": "供应商",
      "VENDORS_DESC": "这些是我们共享数据的合作伙伴。通过单击每个合作伙伴，您可以查看他们要求同意的目的和/或要求合法利益的目的。您可以打开和关闭每个按钮，以控制是否与它们共享数据，或者可以禁用所有数据处理。但是，请注意，通过禁用所有数据处理，某些站点功能可能会受到影响。\n出于某些目的，您的个人数据可能会出于合法利益的法律依据而被处理。",
      "VENDOR_CONSENT": "供应商同意",
      "VENDOR_LEGITIMATE_INTEREST": "供应商声称合法权益",
      "VIEW_FIRST_PARTY": "查看饼干",
      "VIEW_THIRD_PARTY": "查看第三方Cookie",
      "privacy_info": {
        "consent": {
          "desc": "该网站及其合作伙伴根据唯一标识符（例如cookie）存储和访问个人数据，在处理任何个人数据之前，欧盟通用数据保护法要求征得免费同意。因此，我们要求您同意允许我们和我们的合作伙伴处理您的数据，以便为您提供最佳体验。\n\n您同意通过此平台上的数据处理，同意与我们和我们的合作伙伴共享此属性上的个人数据。如果您不同意或拒绝所有供应商的数据处理，这将对站点功能和您的体验产生不利影响。",
          "title": "为什么需要我的同意？"
        },
        "cookies": [
          {
            "body": "Cookie是一个简单的文本文件，它与网站的页面一起发送，并由浏览器存储在计算机或其他设备（如智能手机）的硬盘驱动器上。 Cookies不会损坏您的设备或其中的文件。",
            "heading": "他们如何工作"
          },
          {
            "body": "Cookies被设计为一种可靠的机制，网站可以记住状态信息，例如在线商店中购物车中添加的商品，或者记录用户的浏览活动，包括单击特定按钮，登录或记录过去访问过的页面。 。它们还可以用于记住用户先前在表单字段中输入的信息，例如名称，地址，密码和支付卡号。",
            "heading": "它们如何工作？"
          }
        ],
        "data": {
          "desc": "我们出于各种目的和功能处理您的数据通过同意对该属性进行的所有数据处理，您同意我们和我们的合作伙伴针对目的和功能处理您的个人数据，以便我们可以增强我们的服务并使其更容易为您带来更好的体验。不同意或撤销同意，可能会对我们的网站或应用程序的功能产生负面影响。",
          "title": "为什么使用我的数据？"
        },
        "process": [
          {
            "body": "该网站和第三方供应商将存储和/或访问用户设备中的信息并处理其个人数据。"
          },
          {
            "body": "一些供应商可能出于合法利益的目的处理您的个人数据。您可以单击此处以获取有关它和/或反对的更多信息。"
          }
        ]
      }
    }
  },
  "purposes": {
    "advertising": {
      "description": "这些Cookies对于为您提供可通过网站获得的服务以及使您能够使用其某些功能至关重要。它们有助于验证用户身份并防止欺诈性使用用户帐户。没有这些Cookies，就无法提供您所要求的服务，我们仅使用这些Cookies为您提供这些服务。",
      "heading": "广告饼干",
      "title": "广告饼干"
    },
    "analytics": {
      "description": "广告Cookie会跟踪网站上的活动，以便了解观众的兴趣并针对他们进行特定的营销。一些示例包括：用于再营销的cookie或基于兴趣的广告。",
      "heading": "分析Cookie",
      "title": "分析Cookie"
    },
    "essential": {
      "description": "这些Cookies对于为您提供可通过网站获得的服务以及使您能够使用其某些功能至关重要。它们有助于验证用户身份并防止欺诈性使用用户帐户。没有这些Cookies，就无法提供您所要求的服务，我们仅使用这些Cookies为您提供这些服务。",
      "heading": "基本饼干",
      "title": "基本饼干"
    },
    "socialmedia": {
      "description": "这些cookie已通过各种社交媒体服务添加到该网站，以便您可以与朋友和网络共享我们的内容。他们能够在其他网站上跟踪您的浏览器并建立您的兴趣档案。这可能会影响您在访问的其他网站上看到的内容和消息。如果您不允许这些cookie，则可能无法使用或查看这些共享工具。",
      "heading": "社交媒体Cookie",
      "title": "社交媒体Cookie"
    },
    "unclassified": {
      "description": "未分类的cookie是我们正在分类的cookie，以及各个cookie的提供者。",
      "heading": "未分类",
      "title": "未分类"
    }
  }
}