{
    "CONFIG": {
        "BANNER": {
            "ACCEPT_ALL_BTN": "Alle akzeptieren",
            "BADGE_BTN": "Cookie-Zustimmung",
            "DESCRIPTION": "Indem Sie auf \"Alle akzeptieren\" klicken, stimmen Sie uns und allen in unseren Datenschutz- und Cookie-Einstellungen genannten Dritten zu, Cookies und andere Technologien zu speichern, um Ihre Website-Erfahrung zu verbessern, Ihre personenbezogenen Daten zu verarbeiten, Ihnen personalisierte Inhalte und Werbung anzuzeigen, die Website zu analysieren Effizienz und verbessern unsere Marketingbemühungen.",
            "DISABLE_ALL_BTN": "ALLE DEAKTIVIEREN",
            "DO_NOT_SELL_BTN": "Verkaufen Sie meine Daten nicht",
            "GDPR_PRIVACY_DESC": "Wir und unsere Partner speichern und / oder greifen auf Informationen auf einem Gerät zu, z. B. Cookies, und verarbeiten personenbezogene Daten wie eindeutige Kennungen und Standardinformationen, die von einem Gerät für personalisierte Anzeigen und Inhalte, Anzeigen- und Inhaltsmessungen sowie Einblicke in die Zielgruppe gesendet werden sowie Produkte zu entwickeln und zu verbessern. Sie können Ihre Auswahl akzeptieren oder verwalten, indem Sie unten klicken, einschließlich Ihres Widerspruchsrechts, wenn berechtigtes Interesse verwendet wird, oder jederzeit auf der Seite mit den Datenschutzrichtlinien. Diese Auswahlmöglichkeiten werden unseren Partnern mitgeteilt und haben keinen Einfluss auf die Browserdaten.",
            "PRIVACY": "Privatsphäre",
            "PRIVACY_SETTINGS_BTN": "Datenschutzeinstellungen",
            "TITLE": "Wir kümmern uns um Ihre Privatsphäre"
        },
        "POPUP": {
            "ACCEPT_ALL_BTN": "Alle akzeptieren",
            "ALLOW_ALL": "Alles erlauben",
            "ALWAYS_ALLOW": "Immer erlaubt",
            "AUDIT_ID": {
                "ARE_YOU_SURE": "Sind Sie sicher, dass Sie die Audit-ID zurücksetzen?",
                "DESCRIPTION": "Wir generieren für Sie eine zufällige eindeutige Nummer, wenn Sie diese Website besuchen. Der Zweck der Audit-ID besteht darin, Ihren Verlauf der Einwilligungspräferenzen aufzuzeichnen und welche Cookies Sie wann akzeptiert haben. Die in Bezug auf Ihre Audit-ID gespeicherten Informationen umfassen die Version der Cookie-Anbieterliste, eine Liste der Anbieter, die Ihre Daten verarbeiten dürfen, und einen Zeitstempel.",
                "MY_AUDIT_ID": "MEINE PRÜFUNGS-ID *",
                "RESET_MY_AUDIT_ID": "Setzen Sie meine Audit-ID zurück",
                "TITLE": "Audit ID"
            },
            "CCPA_AND_GENERIC_PRIVACY_INFO": {
                "consent": {
                    "desc": "Diese Website und ihre Partner speichern und greifen auf personenbezogene Daten auf der Grundlage eindeutiger Kennungen wie Cookies zu, und vor der Verarbeitung personenbezogener Daten fordert die EU-Datenschutzgrundverordnung eine kostenlose Zustimmung. Daher bitten wir Sie um Ihre Zustimmung, damit wir und unsere Partner Ihre Daten verarbeiten dürfen, um Ihnen die beste Benutzererfahrung zu bieten. Sie erklären sich damit einverstanden, Ihre personenbezogenen Daten mit uns und unseren Partnern auf dieser Immobilie zu teilen, indem Sie der Datenverarbeitung auf dieser Plattform zustimmen. Wenn Sie der Datenverarbeitung nicht zustimmen oder die Zustimmung aller Anbieter widerrufen, kann dies die Funktion der Website und Ihre Erfahrung beeinträchtigen.",
                    "title": "Warum brauchst du meine Zustimmung?"
                },
                "cookies": {
                    "data": [
                        {
                            "body": "Cookies sind in der Regel kleine Textdateien, die mit Seiten einer Website gesendet und von Browsern gespeichert werden. Websites verwenden Cookies, um Ihre Bewegungen auf der Website zu verfolgen, Ihnen zu helfen, dort fortzufahren, wo Sie aufgehört haben, sich an Ihre Anmeldungen, Präferenzen und andere Anpassungsfunktionen zu erinnern.",
                            "heading": "Was ist ein Cookie?"
                        },
                        {
                            "body": "Cookies sind ein zuverlässiger Mechanismus für Websites, um sich an Ihre Auswahl und Präferenzen zu erinnern, z. B. Artikel, die in den Warenkorb eines Online-Shops hinzugefügt wurden, oder um die Surfaktivitäten des Benutzers aufzuzeichnen, einschließlich des Klickens auf bestimmte Schaltflächen, Anmelden oder Aufzeichnen, welche Seiten besucht wurden die Vergangenheit. Sie können auch verwendet werden, um sich Informationen zu merken, die der Benutzer zuvor in Formularfelder eingegeben hat, wie Namen, Adressen, Passwörter und Zahlungskartennummern.",
                            "heading": "Wie sie arbeiten?"
                        }
                    ],
                    "title": "Cookie-Informationen"
                },
                "data": {
                    "desc": "Wir verarbeiten Ihre Daten für eine Reihe von Zwecken und Funktionen. Indem Sie der gesamten Datenverarbeitung in dieser Eigenschaft zustimmen, erklären Sie sich damit einverstanden, dass Ihre personenbezogenen Daten für Zwecke und Funktionen von uns und unseren Partnern verarbeitet werden, damit wir unsere Dienstleistungen verbessern und Ihnen ein besseres Erlebnis ermöglichen können. Die Nichteinwilligung oder der Widerruf der Einwilligung kann sich negativ auf die Funktionen und Funktionen unserer Websites oder Apps auswirken.",
                    "title": "Warum verwenden Sie meine Daten?"
                },
                "process": {
                    "body": [
                        "Diese Website und Drittanbieter speichern und/oder greifen auf Informationen vom Gerät des Benutzers zu und verarbeiten ihre personenbezogenen Daten.",
                        "Einige Anbieter verarbeiten Ihre personenbezogenen Daten möglicherweise aufgrund berechtigter Interessen. Sie können hier klicken, um mehr darüber zu erfahren und/oder zu widersprechen."
                    ],
                    "desc": "Wir verarbeiten Ihre Daten für eine Reihe von Zwecken und Merkmalen. Indem Sie der gesamten Datenverarbeitung auf diesem Grundstück zustimmen, stimmen Sie zu, dass Ihre persönlichen Daten von uns und unseren Partnern für Zwecke und Merkmale verarbeitet werden, damit wir unsere Dienstleistungen verbessern und vereinfachen können für Sie eine bessere Erfahrung zu haben. Das Nichteinwilligen oder Widerrufen der Einwilligung kann sich negativ auf die Merkmale und Funktionen unserer Websites oder Apps auswirken.",
                    "title": " Wer verarbeitet meine Daten?"
                }
            },
            "CCPA_AND_GENERIC_PRIVACY_INFO_DESCRIPTION": "Auf dieser Seite erfahren Sie mehr über den Datenschutz und wie Daten zur Verbesserung Ihrer Website-Erfahrung verwendet werden.",
            "CCPA_AND_GENERIC_PRIVACY_INFO_TITLE": "Erfahren Sie mehr über Datenschutz",
            "CCPA_AND_GENERIC_PURPOSES_DESC": "Wenn Sie unsere Website besuchen, speichern wir Cookies in Ihrem Browser, um Informationen zu sammeln. Diese Informationen können sich auf Sie oder Ihr Gerät und Ihre Präferenzen beziehen und werden verwendet, um die Website wie erwartet zu funktionieren und ein personalisierteres Surferlebnis zu bieten. Ihre Privatsphäre ist uns wichtig, Sie können einige Arten von Cookies nicht zulassen. Klicken Sie auf die Überschrift der verschiedenen Cookie-Kategorien, um weitere Informationen zu erhalten und die Standardeinstellungen zu ändern. Sie haben die Möglichkeit, bestimmte Arten der Speicherung oder Cookies zu deaktivieren, die für die Grundfunktionen der Website möglicherweise nicht erforderlich sind. Wenn Sie dies ablehnen, können wir Ihnen möglicherweise nicht das optimale Surferlebnis auf der Website bieten. Sie können unsere essentiellen, unbedingt notwendigen Cookies von Erstanbietern nicht deaktivieren, da sie implementiert werden, um das ordnungsgemäße Funktionieren unserer Website zu gewährleisten, z.",
            "COMPANY": "Unternehmen",
            "CONFIRMATION_DIALOG": {
                "CCPA": {
                    "DESCRIPTION": "Wenn Sie sich entscheiden, meine Daten nicht zu aktivieren, können wir Ihnen möglicherweise nicht das optimale Surferlebnis für Websites bieten."
                },
                "GDPR": {
                    "DESCRIPTION": "Wenn Sie sich gegen eine Ablehnung entscheiden, können wir Ihnen möglicherweise nicht das optimale Surferlebnis für Websites bieten."
                },
                "GENERIC": {
                    "DESCRIPTION": "Wenn Sie alle deaktivieren möchten, können wir Ihnen möglicherweise nicht das optimale Surferlebnis bieten."
                },
                "NO": "Nein",
                "TITLE": "Bist du sicher",
                "YES": "Ja"
            },
            "CONSENT_TEXT": "Zustimmung",
            "COOKIE_INFO": {
                "CATEGORY": "KATEGORIE",
                "DESC": "Beschreibung",
                "DESCRIPTION": "",
                "HOST": "Wirt",
                "NAME": "Name",
                "TYPE": "Art"
            },
            "DISABLE_ALL_BTN": "ALLE DEAKTIVIEREN",
            "DO_NOT_SELL_BTN": "Verkaufen Sie meine Daten nicht",
            "FEATURES": "Eigenschaften",
            "GDPR": {
                "CLAIMING_LEGITIMATE": "Anspruch auf berechtigtes Interesse an",
                "CONSENT": "Zustimmung",
                "FEATURES_USE": "Verwendete Funktionen",
                "LEGITIMATE_INTEREST": "Berechtigtes Interesse",
                "REQUEST_CONSENT_TO": "Einverständniserklärung an",
                "USES_COOKIE_ACCESS": "Dieser Anbieter verwendet Cookies, um Informationen auf Ihrem Gerät zu speichern oder darauf zuzugreifen. Die maximale Speicherdauer beträgt:",
                "USES_NON_COOKIE_ACCESS": "Dieser Anbieter verwendet andere Speichermethoden, z. B. den lokalen Speicher oder den Zugriff auf Informationen auf Ihrem Gerät. Die maximale Speicherdauer beträgt:",
                "VENDOR_STORAGE_TEXT": "Dieser Anbieter verwendet Cookies als Mittel zum Speichern oder Zugreifen auf Informationen auf Ihrem Gerät. Die maximale Speicherdauer beträgt"
            },
            "GDPR_PURPOSES_DESC": "Um die bestmöglichen Erfahrungen zu erzielen, verwenden wir und unsere Partner Cookies und Technologien, um Geräteinformationen zu speichern und / oder darauf zuzugreifen. Durch die Zustimmung zu diesen Technologien können wir und unsere Partner personenbezogene Daten wie das Surfverhalten oder eindeutige IDs auf dieser Website verarbeiten. Wenn Sie nicht zustimmen oder die Zustimmung widerrufen, kann dies bestimmte Merkmale und Funktionen beeinträchtigen. Sie können Ihr Recht auf Einwilligung oder Widerspruch gegen berechtigte Interessen ausüben, basierend auf einem bestimmten Zweck oder auf Partnerebene in dem Link unter jedem Zweck. Diese Auswahl wird unseren am Transparenz- und Zustimmungsrahmen teilnehmenden Anbietern signalisiert.",
            "GDPR_PURPOSES_FOOTER_TEXT": "* Die Zustimmung wird in Übereinstimmung mit der IAB-Richtlinie zum Transparenz- und Zustimmungsrahmen gespeichert und verarbeitet.",
            "GDPR_VENDORS_DESC": "Dies sind die Partner, mit denen wir Daten teilen. Sie können sehen, für welche Zwecke sie um Zustimmung bitten und / oder für welche Zwecke sie ein berechtigtes Interesse geltend machen, indem Sie auf jeden Partner klicken. Sie können jedes ein- und ausschalten, um zu steuern, ob Daten für sie freigegeben werden oder nicht, oder die gesamte Datenverarbeitung deaktivieren. Beachten Sie jedoch, dass durch Deaktivieren der gesamten Datenverarbeitung einige Site-Funktionen beeinträchtigt werden können.\nIn einigen Fällen können Ihre personenbezogenen Daten aus rechtlichen Gründen von berechtigtem Interesse verarbeitet werden.",
            "GDPR_VENDOR_LEGITIMATE_INTEREST": "Anbieter, die berechtigte Zinsen geltend machen",
            "GIVE_ALL_CONSENT_BTN": "Geben Sie alle Einwilligungen",
            "GOOGLE_VENDORS": "Google-Anbieter",
            "HIDE_VENDORS": "Anbieter ausblenden",
            "IAB_VENDOR": "Iab-Anbieter",
            "LEGITIMATED_CONSENT_TEXT": "Berechtigte Zustimmung",
            "MORE_DETAILS": "Mehr Details",
            "NO_COOKIES": "Wir verwenden keine Cookies dieser Art",
            "ONOFF": "Aus an",
            "POWERED_BY": "Unterstützt von",
            "PRIVACY_INFO": "Datenschutzinformationen",
            "PRIVACY_INFO_TEXT": "DATENSCHUTZINFO",
            "PRIVACY_TEXT": "Privatsphäre",
            "PURPOSES_TEXT": "Zwecke",
            "PURPOSE_TEXT": "Zweck",
            "REVOKE_ALL": "Alle Zustimmungen widerrufen",
            "SAVE_AND_EXIT_BTN": "Speichern und schließen",
            "SAVE_MY_CHOICE_BTN": "Speichern Sie meine Auswahl",
            "SEARCH_INPUT_TEXT": "Suchen Sie nach IAB- und Google-Anbietern",
            "VENDORS_NAME": "Name des Anbieters",
            "VENDORS_TEXT": "Anbieter",
            "VENDOR_CONSENT": "Zustimmung der Anbieter",
            "VIEW_FIRST_PARTY": "Cookies anzeigen",
            "VIEW_THIRD_PARTY": "Cookies von Drittanbietern anzeigen"
        }
    },
    "MOBILE": {
        "WELCOME": {
            "gvl_title": "Personalisierte Anzeigen und Inhalte, Anzeigen- und Inhaltsmessung, Zielgruppeneinblicke und Produktentwicklung",
            "overview_screen_title": "Verwalten Sie Ihre Privatsphäre",
            "vendor_caltegory_labels": [
                "Eigenschaften",
                "Besondere Merkmale",
                "Zwecke",
                "Besondere Zwecke Purpose"
            ],
            "vendor_placeholder_text": "Suchen Sie nach IAB- und Google-Anbietern"
        }
    },
    "PURPOSES": [
        {
            "description": "Diese Cookies sind unerlässlich, um Ihnen die über die Website verfügbaren Dienste bereitzustellen und Ihnen die Nutzung einiger ihrer Funktionen zu ermöglichen. Sie helfen, Benutzer zu authentifizieren und betrügerische Nutzung von Benutzerkonten zu verhindern. Ohne diese Cookies können die von Ihnen erwarteten Dienste nicht bereitgestellt werden. Wir verwenden diese Cookies nur, um Ihnen wesentliche Dienste bereitzustellen.",
            "id": "101",
            "title": "Wichtige Cookies"
        },
        {
            "description": "Funktionale Cookies helfen, bestimmte Funktionen auszuführen, wie das Teilen des Inhalts der Website auf Social-Media-Plattformen, das Sammeln von Feedback und andere Funktionen von Drittanbietern.",
            "id": "102",
            "title": "Funktionale Cookies"
        },
        {
            "description": "Analytische Cookies sammeln anonyme, aggregierte Daten, die es uns ermöglichen zu verstehen, wie Besucher mit Webseiten und Inhalten interagieren. Diese Cookies helfen uns, unsere Website und das Besuchererlebnis zu verbessern. Die Deaktivierung dieser Cookies beeinträchtigt unsere Fähigkeit, unsere Produkte und Dienstleistungen zu verbessern.",
            "description_old": "Werbe-Cookies verfolgen die Aktivitäten auf verschiedenen Websites, um die Interessen eines Zuschauers zu verstehen und das spezifische Marketing zu steuern. Einige Beispiele sind: Cookies für Remarketing oder interessenbezogene Werbung.",
            "id": "103",
            "title": "Analytics-Cookies"
        },
        {
            "description": "Werbe-Cookies verfolgen Aktivitäten über Websites hinweg, um die Vorlieben und Interessen eines Betrachters zu verstehen. Diese Cookies steuern spezifisches Marketing basierend auf diesen Präferenzen und Interessen, Beispiele umfassen Cookies, die für Remarketing verwendet werden, oder interessenbasierte Werbung.",
            "id": "104",
            "title": "Werbe-Cookies"
        },
        {
            "description": "Diese Cookies wurden von verschiedenen Social-Media-Diensten auf der Website hinzugefügt, damit Sie unsere Inhalte mit Freunden und Netzwerken teilen können. Sie sind in der Lage, Ihren Browser auf anderen Websites zu verfolgen und ein Profil Ihrer Interessen zu erstellen. Dies kann Auswirkungen auf die Personalisierung von Anzeigen und Nachrichten haben, die Sie auf anderen von Ihnen besuchten Websites sehen. Wenn Sie diese Cookies nicht zulassen, können Sie diese gemeinsam genutzten Tools möglicherweise nicht verwenden oder anzeigen.",
            "description_old": "",
            "id": "105",
            "title": "Social Media Cookies"
        },
        {
            "description": "Unbekannt Cookies sind Cookies, die wir zusammen mit den Anbietern einzelner Cookies klassifizieren.",
            "id": "106",
            "title": "Unbekannt"
        }
    ]
}
