{
  "POWERED_BY": "Offerto da",
  "COMMOM": {
    "ALWAYS_ALLOW": "Consenti sempre"
  },
  "CONFIG": {
    "BANNER": {
      "DONOTSELL": "Non vendere i miei dati",
      "GDPR_HEAD": "Noi ei nostri partner archiviamo e / o accediamo a informazioni su un dispositivo, come i cookie, ed elaboriamo dati personali, come identificatori univoci e informazioni standard inviate da un dispositivo per annunci e contenuti personalizzati, misurazione di annunci e contenuti e approfondimenti sul pubblico, come nonché per sviluppare e migliorare i prodotti. Puoi accettare o gestire le tue scelte facendo clic di seguito, incluso il tuo diritto di opporti laddove viene utilizzato un interesse legittimo o in qualsiasi momento nella pagina della privacy policy. Queste scelte verranno comunicate ai nostri partner e non avranno alcun impatto sui dati di navigazione.",
      "REJECT_ALL_BTN": "Rifiuta tutto",
      "badgeButton": "Consenso sui cookie",
      "body": "Facendo clic su \"Accetta tutto\" acconsenti a noi ea tutte le terze parti menzionate nelle nostre impostazioni di preferenza su privacy e cookie per memorizzare cookie e altre tecnologie per migliorare la tua esperienza sul sito web, elaborare i tuoi dati personali, mostrarti contenuti e pubblicità personalizzati, analizzare il sito efficienza e migliorare i nostri sforzi di marketing.",
      "button": "saperne di più",
      "buttonAllow": "Accettare tutti",
      "buttonAllowReq": "Consenti Obbligatorio",
      "buttonCustomize": "Impostazioni della privacy",
      "buttonDisable": "DISABILITARE TUTTO",
      "title": "Ci importa della tua privacy"
    },
    "COMMOM": {
      "ALWAYS_ALLOW": "Consenti sempre"
    },
    "POPUP": {
      "ACCEPT_ALL_BTN": "Accettare tutti",
      "ALLOW_ALL": "Permettere tutto",
      "ALWAYS_ALLOW": "Consenti sempre",
      "AUDIT_ID": {
        "areYouSure": "Sei sicuro di reimpostare l'ID di verifica?",
        "description": "Generiamo un numero univoco casuale per te quando visiti questo sito web. Lo scopo dell'Audit ID è quello di tenere traccia della cronologia delle preferenze del consenso su quali cookie hai accettato e quando. Le informazioni memorizzate in relazione al tuo ID di controllo includono la versione dell'elenco dei fornitori di cookie, un elenco di fornitori autorizzati a elaborare i tuoi dati e il timestamp.",
        "myAuditId": "IL MIO ID AUDIT *",
        "resetMyAuditId": "Reimposta il mio ID di verifica",
        "title": "ID audit"
      },
      "COMPANY": "Azienda",
      "COMPANY_NAME": "Nome fornitori",
      "CONTENT_BODY": "Quando utilizzi questo sito, raccogliamo informazioni personali tramite l'uso di tecnologie come i cookie per migliorare la tua esperienza sul sito. Detto questo, vogliamo consentirti di assumere il controllo dei tuoi dati personali fornendoti i controlli per gestire la tua esperienza. Vedi sotto per gli scopi per cui utilizziamo i tuoi dati. Facendo clic su ogni scopo spiegherai cosa è ciascuno e i fornitori ad esso associati. Puoi anche utilizzare questo strumento per vedere i fornitori con cui lavoriamo e le categorie di dati che utilizziamo.",
      "CONTENT_BODY_DATA_CAT": "",
      "COOKIE_INFO": {
        "category": "CATEGORIA",
        "desc": "Descrizione",
        "host": "ospite",
        "name": "Nome",
        "type": "genere"
      },
      "DISABLE_ALL": "DISABILITARE TUTTO",
      "DONOTSELL": "Non vendere i miei dati",
      "DO_NOT_SELL_MY_DATA": "Non vendere i miei dati",
      "FEATURES": "Caratteristiche",
      "FOOTER_TEXT": "* Il consenso viene archiviato ed elaborato in conformità con la policy IAB Transparency and Consent Framework.",
      "GIVE_ALL_CONSENT": "Dare tutti i consensi",
      "GIVE_CONSENT_TO_ALL": "Dai il consenso a tutti",
      "GOOGLE_VENDOR": "Fornitori di Google",
      "HIDE_VENDORS": "Nascondi fornitori",
      "IAB_VENDOR": "Fornitori di Iab",
      "LEARN_PRIVACY_TITLE": "Informazioni sulla privacy",
      "MANAGE_PRIVACY": "Gestisci la tua privacy",
      "MANAGE_SETTING_BTN": "Salva le mie scelte",
      "ONOFF": "Spento acceso",
      "PRIVACY": "vita privata",
      "PRIVACY_INFO": "Informazioni sulla privacy",
      "PRIVACY_INFO_BODY_TEXT": "Usa questa pagina per saperne di più sulla privacy dei dati e su come i dati vengono utilizzati per migliorare la tua esperienza sul sito.",
      "PRIVACY_INFO_TITLE": "Informazioni sulla privacy",
      "PRIVACY_MANAGER": "Responsabile della privacy",
      "PURPOSES": "Finalità",
      "PURPOSES_BODY": "Quando visiti il nostro sito Web, memorizziamo i cookie sul tuo browser per raccogliere informazioni. Queste informazioni potrebbero essere correlate a te o al tuo dispositivo, alle tue preferenze e utilizzate principalmente per far funzionare il sito web come ti aspetti e per fornire un'esperienza di navigazione web più personalizzata. La tua privacy è importante per noi, puoi scegliere di non consentire alcuni tipi di cookie. Fare clic sull'intestazione della diversa categoria di cookie per saperne di più e modificare le nostre impostazioni predefinite. Hai la possibilità di disabilitare alcuni tipi di archiviazione che potrebbero non essere necessari per il funzionamento di base del sito web. Se decidi di rifiutare, potremmo non essere in grado di fornirti un'esperienza di navigazione del sito web ottimale.",
      "PURPOSES_BODY_CCPA": "Quando visiti il nostro sito Web, memorizziamo i cookie sul tuo browser per raccogliere informazioni. Queste informazioni potrebbero essere correlate a te o al tuo dispositivo, alle tue preferenze e utilizzate principalmente per far funzionare il sito web come ti aspetti e per fornire un'esperienza di navigazione web più personalizzata. La tua privacy è importante per noi, puoi scegliere di non consentire alcuni tipi di cookie. Fare clic sull'intestazione della diversa categoria di cookie per saperne di più e modificare le nostre impostazioni predefinite. Hai la possibilità di disabilitare alcuni tipi di archiviazione che potrebbero non essere necessari per il funzionamento di base del sito web. Se decidi di rifiutare, potremmo non essere in grado di fornirti un'esperienza di navigazione del sito web ottimale. Non è possibile disabilitare i nostri cookie essenziali di prima parte strettamente necessari poiché sono implementati per garantire il corretto funzionamento del nostro sito web. Come accedere al tuo account, ricordare le tue impostazioni, richiedere il banner dei cookie e reindirizzare quando esci, ecc.",
      "PURPOSES_BODY_GDPR": "Per fornire le migliori esperienze, noi ei nostri partner utilizziamo cookie e tecnologie per archiviare e / o accedere alle informazioni sul dispositivo. Il consenso a queste tecnologie consentirà a noi e ai nostri partner di elaborare dati personali come il comportamento di navigazione o ID univoci su questo sito. Non acconsentire o revocare il consenso, può influire negativamente su alcune caratteristiche e funzioni. È possibile esercitare il diritto di acconsentire o opporsi a un interesse legittimo, in base a uno scopo specifico oa livello di partner nel collegamento sotto ogni scopo. Queste scelte saranno segnalate ai nostri fornitori che partecipano al Transparency and Consent Framework.",
      "PURPOSE_TEXT": "Scopo",
      "REJECT_ALL_BTN": "DISABILITARE TUTTO",
      "REVOKE_ALL": "Revoca tutti i consensi",
      "SAVE_EXIT": "Salva ed esci",
      "SEARCH_TEXT": "Cerca IAB e fornitori di Google",
      "SHOW_VENDORS": "Mostra fornitori",
      "STATUS": "stato",
      "VENDORS": "I venditori",
      "VENDORS_DESC": "Questi sono i partner con cui condividiamo i dati. Puoi vedere per quali finalità richiedono il consenso e / o per quali finalità rivendicano un interesse legittimo facendo clic su ciascun partner. È possibile attivare e disattivare ciascuno di essi per controllare se i dati vengono condivisi o meno con loro o per disabilitare tutta l'elaborazione dei dati. Tuttavia, tieni presente che disabilitando tutto il trattamento dei dati, alcune funzionalità del sito potrebbero essere compromesse.\nPer alcune finalità, i tuoi dati personali possono essere trattati sulla base giuridica del legittimo interesse.",
      "VENDOR_CONSENT": "Consenso dei fornitori",
      "VENDOR_LEGITIMATE_INTEREST": "Fornitori che rivendicano un interesse legittimo",
      "VIEW_FIRST_PARTY": "Visualizza i cookie",
      "VIEW_THIRD_PARTY": "Visualizza cookie di terze parti",
      "privacy_info": {
        "consent": {
          "desc": "Questo sito ei suoi partner memorizzano e accedono ai dati personali sulla base di identificatori univoci come i cookie e, prima del trattamento di qualsiasi dato personale, la legislazione generale sulla protezione dei dati dell'UE richiede il libero consenso. Pertanto, chiediamo il tuo consenso per consentire a noi e ai nostri partner di elaborare i tuoi dati al fine di fornirti la migliore esperienza.\n\nAccetti di condividere i tuoi dati personali con noi e i nostri partner su questa proprietà acconsentendo al trattamento dei dati su questa piattaforma. Se non accetti o ritiri il consenso di tutti i fornitori per l'elaborazione dei dati, ciò influirà negativamente sulla funzionalità del sito e sulla tua esperienza.",
          "title": "Perché hai bisogno del mio consenso?"
        },
        "cookies": [
          {
            "body": "Un cookie è un semplice file di testo che viene inviato insieme alle pagine di un sito Web e viene memorizzato dai browser sul disco rigido del computer o su altri dispositivi come smartphone. I cookie non possono danneggiare il tuo dispositivo o i file in formato.",
            "heading": "Come funzionano"
          },
          {
            "body": "I cookie sono progettati per essere un meccanismo affidabile per i siti Web per ricordare informazioni stateful come gli articoli aggiunti nel carrello in un negozio online o per registrare l'attività di navigazione dell'utente, incluso il clic su determinati pulsanti, l'accesso o la registrazione di quali pagine sono state visitate in passato . Possono anche essere utilizzati per ricordare parti di informazioni che l'utente ha precedentemente inserito nei campi del modulo, come nomi, indirizzi, password e numeri di carte di pagamento.",
            "heading": "Come funzionano"
          }
        ],
        "data": {
          "desc": "Trattiamo i tuoi dati per una serie di scopi e funzionalità Acconsentendo a tutto il trattamento dei dati su questa proprietà, accetti che i tuoi dati personali elaborati per scopi e funzionalità da noi e dai nostri partner, in modo che possiamo migliorare i nostri servizi e renderlo più facile per farti vivere un'esperienza migliore. Non acconsentire o revocare il consenso, può avere un effetto negativo sulle caratteristiche e le funzioni dei nostri siti Web o app.",
          "title": "Perché stai usando i miei dati?"
        },
        "process": [
          {
            "body": "Questo sito Web e i fornitori di terze parti memorizzeranno e / o accederanno alle informazioni dal dispositivo dell'utente e elaboreranno i loro dati personali."
          },
          {
            "body": "Alcuni fornitori potrebbero trattare i tuoi dati personali per motivi di legittimo interesse. Puoi cliccare qui per maggiori informazioni a riguardo e / o per opporti."
          }
        ]
      }
    }
  },
  "purposes": {
    "advertising": {
      "description": "Questi cookie sono essenziali per fornirti i servizi disponibili attraverso il sito web e per consentirti di utilizzare alcune delle sue funzionalità. Aiutano ad autenticare gli utenti e a prevenire l'uso fraudolento degli account utente. Senza questi cookie, i servizi che hai richiesto non possono essere forniti e utilizziamo questi cookie solo per fornirti tali servizi.",
      "heading": "Cookie pubblicitari",
      "title": "Cookie pubblicitari"
    },
    "analytics": {
      "description": "I cookie pubblicitari tracciano l'attività sui siti web al fine di comprendere gli interessi di uno spettatore e indirizzarli al marketing specifico. Alcuni esempi includono: cookie utilizzati per il remarketing o pubblicità basata sugli interessi.",
      "heading": "Cookie analitici",
      "title": "Cookie analitici"
    },
    "essential": {
      "description": "Questi cookie sono essenziali per fornirti i servizi disponibili attraverso il sito web e per consentirti di utilizzare alcune delle sue funzionalità. Aiutano ad autenticare gli utenti e a prevenire l'uso fraudolento degli account utente. Senza questi cookie, i servizi che hai richiesto non possono essere forniti e utilizziamo questi cookie solo per fornirti tali servizi.",
      "heading": "Biscotti essenziali",
      "title": "Biscotti essenziali"
    },
    "socialmedia": {
      "description": "Questi cookie sono stati aggiunti al sito da vari servizi di social media, in modo che tu possa condividere i nostri contenuti con amici e reti. Sono in grado di monitorare il tuo browser su altri siti e creare un profilo dei tuoi interessi. Ciò potrebbe avere un impatto sul contenuto e sui messaggi visualizzati su altri siti Web visitati. Se non consenti questi cookie, potresti non essere in grado di utilizzare o visualizzare questi strumenti condivisi.",
      "heading": "Cookie di social media",
      "title": "Cookie di social media"
    },
    "unclassified": {
      "description": "I cookie non classificati sono cookie che stiamo classificando insieme ai fornitori dei singoli cookie.",
      "heading": "Non classificati",
      "title": "Non classificati"
    }
  }
}