{
  "POWERED_BY": "搭載",
  "COMMOM": {
    "ALWAYS_ALLOW": "常に許可する"
  },
  "CONFIG": {
    "BANNER": {
      "DONOTSELL": "私のデータを売らないでください",
      "GDPR_HEAD": "当社および当社のパートナーは、Cookieなどのデバイスに情報を保存および/またはアクセスし、パーソナライズされた広告とコンテンツ、広告とコンテンツの測定、およびオーディエンスインサイトのためにデバイスから送信される一意の識別子や標準情報などの個人データを処理します。製品の開発と改善だけでなく。正当な利益が使用される場所に異議を唱える権利を含め、以下をクリックするか、プライバシーポリシーページでいつでも、選択を受け入れるか管理することができます。これらの選択はパートナーに伝達され、閲覧データに影響を与えることはありません。",
      "REJECT_ALL_BTN": "すべてを拒否する",
      "badgeButton": "クッキーの同意",
      "body": "[すべて受け入れる]をクリックすると、プライバシーとCookieの設定に記載されているすべてのサードパーティが、Cookieやその他のテクノロジーを保存して、Webサイトのエクスペリエンスを向上させ、個人データを処理し、パーソナライズされたコンテンツと広告を表示し、Webサイトを分析することに同意したことになります。効率を高め、マーケティング活動を改善します。",
      "button": "もっと知る",
      "buttonAllow": "すべて受け入れる",
      "buttonAllowReq": "許可が必要",
      "buttonCustomize": "プライバシー設定",
      "buttonDisable": "すべて無効にします",
      "title": "私たちはあなたのプライバシーを気にします"
    },
    "COMMOM": {
      "ALWAYS_ALLOW": "常に許可する"
    },
    "POPUP": {
      "ACCEPT_ALL_BTN": "すべて受け入れる",
      "ALLOW_ALL": "すべて許可",
      "ALWAYS_ALLOW": "常に許可する",
      "AUDIT_ID": {
        "areYouSure": "監査IDをリセットしてもよろしいですか？",
        "description": "このウェブサイトにアクセスすると、ランダムな一意の番号が生成されます。監査IDの目的は、どのCookieをいつ受け入れたかについての同意設定履歴の記録を保持することです。監査IDに関連して保存される情報には、Cookieベンダーリストのバージョン、データの処理が許可されているベンダーのリスト、およびタイムスタンプが含まれます。",
        "myAuditId": "MY AUDIT ID *",
        "resetMyAuditId": "監査IDをリセットする",
        "title": "監査ID"
      },
      "COMPANY": "会社",
      "COMPANY_NAME": "ベンダー名",
      "CONTENT_BODY": "このサイトを使用すると、Cookieなどのテクノロジーを使用して個人情報が収集され、サイトのエクスペリエンスが向上します。とはいえ、エクスペリエンスを管理するためのコントロールを提供することで、個人データを管理できるようにしたいと考えています。お客様のデータを使用する目的については、以下を参照してください。それぞれの目的をクリックすると、それぞれが何であるか、およびそれに関連するベンダーが説明されます。このツールを使用して、使用しているベンダーや使用しているデータのカテゴリを確認することもできます。",
      "CONTENT_BODY_DATA_CAT": "",
      "COOKIE_INFO": {
        "category": "カテゴリー",
        "desc": "説明",
        "host": "ホスト",
        "name": "名",
        "type": "タイプ"
      },
      "DISABLE_ALL": "すべて無効にします",
      "DONOTSELL": "私のデータを売らないでください",
      "DO_NOT_SELL_MY_DATA": "私のデータを売らないでください",
      "FEATURES": "特徴",
      "FOOTER_TEXT": "*同意は、IABの透明性と同意フレームワークのポリシーに従って保存および処理されます。",
      "GIVE_ALL_CONSENT": "すべての同意を与える",
      "GIVE_CONSENT_TO_ALL": "すべてに同意する",
      "GOOGLE_VENDOR": "Googleベンダー",
      "HIDE_VENDORS": "ベンダーを隠す",
      "IAB_VENDOR": "Iabベンダー",
      "LEARN_PRIVACY_TITLE": "プライバシーについて学ぶ",
      "MANAGE_PRIVACY": "プライバシーを管理する",
      "MANAGE_SETTING_BTN": "私の選択を保存",
      "ONOFF": "オンオフ",
      "PRIVACY": "プライバシー",
      "PRIVACY_INFO": "プライバシー情報",
      "PRIVACY_INFO_BODY_TEXT": "このページを使用して、データプライバシーと、サイトエクスペリエンスを向上させるためにデータがどのように使用されるかについて詳しく学んでください。",
      "PRIVACY_INFO_TITLE": "プライバシー情報",
      "PRIVACY_MANAGER": "プライバシーマネージャー",
      "PURPOSES": "目的",
      "PURPOSES_BODY": "あなたが私たちのウェブサイトにアクセスすると、私たちはあなたのブラウザにクッキーを保存して情報を収集します。この情報は、あなたまたはあなたのデバイス、あなたの好みに関連している可能性があり、主にWebサイトを期待どおりに機能させ、よりパーソナライズされたWebブラウジング体験を提供するために使用されます。あなたのプライバシーは私たちにとって重要です、あなたはいくつかのタイプのクッキーを許可しないことを選ぶことができます。別のCookieカテゴリの見出しをクリックして、詳細を確認し、デフォルト設定を変更してください。 Webサイトの基本的な機能に必要のない特定の種類のストレージを無効にするオプションがあります。断る場合は、最適なウェブサイト閲覧体験を提供できない場合があります。",
      "PURPOSES_BODY_CCPA": "あなたが私たちのウェブサイトにアクセスすると、私たちはあなたのブラウザにクッキーを保存して情報を収集します。この情報は、あなたまたはあなたのデバイス、あなたの好みに関連している可能性があり、主にWebサイトを期待どおりに機能させ、よりパーソナライズされたWebブラウジング体験を提供するために使用されます。あなたのプライバシーは私たちにとって重要です、あなたはいくつかのタイプのクッキーを許可しないことを選ぶことができます。別のCookieカテゴリの見出しをクリックして、詳細を確認し、デフォルト設定を変更してください。 Webサイトの基本的な機能に必要のない特定の種類のストレージを無効にするオプションがあります。断る場合は、最適なウェブサイト閲覧体験を提供できない場合があります。当社のウェブサイトが適切に機能することを保証するために実装されているため、当社の必須のファーストパーティの厳密に必要なCookieを無効にすることはできません。アカウントへのログイン、設定の記憶、Cookieバナーの表示、ログアウト時のリダイレクトなど。",
      "PURPOSES_BODY_GDPR": "最高の体験を提供するために、私たちと私たちのパートナーは、Cookieとテクノロジーを使用してデバイス情報を保存および/またはアクセスします。これらの技術に同意することにより、当社および当社のパートナーは、このサイトでの閲覧行動や一意のIDなどの個人データを処理できるようになります。同意しない、または同意を取り消すと、特定の機能に悪影響を与える可能性があります。あなたは、特定の目的に基づいて、または各目的の下のリンクのパートナーレベルで、正当な利益に同意または反対する権利を行使することができます。これらの選択は、透明性と同意のフレームワークに参加しているベンダーに通知されます。",
      "PURPOSE_TEXT": "目的",
      "REJECT_ALL_BTN": "すべて無効にします",
      "REVOKE_ALL": "すべての同意を取り消す",
      "SAVE_EXIT": "保存して終了",
      "SEARCH_TEXT": "IABとGoogleベンダーを検索する",
      "SHOW_VENDORS": "ベンダーを表示",
      "STATUS": "状態",
      "VENDORS": "ベンダー",
      "VENDORS_DESC": "これらは、私たちがデータを共有するパートナーです。各パートナーをクリックすると、同意を要求している目的や正当な利益を主張している目的を確認できます。それぞれのオンとオフを切り替えて、データを共有するかどうかを制御したり、すべてのデータ処理を無効にしたりできます。ただし、すべてのデータ処理を無効にすると、一部のサイト機能が影響を受ける可能性があることに注意してください。\nいくつかの目的のために、あなたの個人データは正当な利益の法的根拠に基づいて処理される場合があります。",
      "VENDOR_CONSENT": "ベンダーの同意",
      "VENDOR_LEGITIMATE_INTEREST": "正当な利益を主張するベンダー",
      "VIEW_FIRST_PARTY": "クッキーを見る",
      "VIEW_THIRD_PARTY": "サードパーティのCookieを表示する",
      "privacy_info": {
        "consent": {
          "desc": "このサイトとそのパートナーは、Cookieなどの一意の識別子に基づいて個人データを保存およびアクセスします。個人データを処理する前に、EU一般データ保護規則は無料の同意を求めています。そのため、最高のエクスペリエンスを提供するために、当社およびパートナーがお客様のデータを処理できるようにすることについて、お客様の同意を求めます。\n\nあなたは、このプラットフォームでのデータ処理に同意することにより、このプロパティで私たちと私たちのパートナーとあなたの個人データを共有することに同意します。データ処理についてすべてのベンダーに同意しない、または同意を取り消さない場合、サイトの機能とエクスペリエンスに悪影響を及ぼします。",
          "title": "なぜ私の同意が必要なのですか？"
        },
        "cookies": [
          {
            "body": "クッキーは、ウェブサイトのページと一緒に送信される単純なテキストファイルであり、ブラウザによってコンピュータのハードドライブまたはスマートフォンなどの他のデバイスに保存されます。 Cookieは、デバイスや内のファイルに損傷を与えることはありません。",
            "heading": "それらがどのように機能するか"
          },
          {
            "body": "Cookieは、Webサイトがオンラインストアのショッピングカートに追加されたアイテムなどのステートフル情報を記憶したり、特定のボタンのクリック、ログイン、過去にアクセスしたページの記録などのユーザーのブラウジングアクティビティを記録したりするための信頼できるメカニズムとして設計されています。 。また、名前、住所、パスワード、支払いカード番号など、ユーザーが以前にフォームフィールドに入力した情報を記憶するためにも使用できます。",
            "heading": "それらはどのように機能しますか？"
          }
        ],
        "data": {
          "desc": "私たちはさまざまな目的と機能のためにあなたのデータを処理しますこのプロパティのすべてのデータ処理に同意することにより、あなたは私たちと私たちのパートナーによってあなたの個人データが目的と機能のために処理されることに同意します。あなたがより良い経験をするために。同意しない、または同意を取り消さない場合、当社のWebサイトまたはアプリの機能に悪影響を与える可能性があります。",
          "title": "なぜ私のデータを使用しているのですか？"
        },
        "process": [
          {
            "body": "このウェブサイトおよびサードパーティベンダーは、ユーザーのデバイスからの情報を保存および/またはアクセスし、個人データを処理します。"
          },
          {
            "body": "一部のベンダーは、正当な利益を理由にお客様の個人データを処理している場合があります。あなたはそれについてのそして/または反対するためにここをクリックすることができます。"
          }
        ]
      }
    }
  },
  "purposes": {
    "advertising": {
      "description": "これらのCookieは、Webサイトを通じて利用可能なサービスをお客様に提供し、お客様がその機能の一部を使用できるようにするために不可欠です。これらは、ユーザーを認証し、ユーザーアカウントの不正使用を防ぐのに役立ちます。これらのCookieがないと、お客様が要求したサービスを提供できず、当社はこれらのCookieを使用してお客様にこれらのサービスを提供するだけです。",
      "heading": "広告クッキー",
      "title": "広告クッキー"
    },
    "analytics": {
      "description": "広告Cookieは、視聴者の興味を理解し、特定のマーケティングを指示するために、Webサイト全体のアクティビティを追跡します。いくつかの例が含まれます：リマーケティング、または興味に基づく広告に使用されるクッキー。",
      "heading": "分析Cookie",
      "title": "分析Cookie"
    },
    "essential": {
      "description": "これらのCookieは、Webサイトを通じて利用可能なサービスをお客様に提供し、お客様がその機能の一部を使用できるようにするために不可欠です。これらは、ユーザーを認証し、ユーザーアカウントの不正使用を防ぐのに役立ちます。これらのCookieがないと、お客様が要求したサービスを提供できず、当社はこれらのCookieを使用してお客様にこれらのサービスを提供するだけです。",
      "heading": "エッセンシャルクッキー",
      "title": "エッセンシャルクッキー"
    },
    "socialmedia": {
      "description": "これらのCookieは、さまざまなソーシャルメディアサービスによってサイトに追加されているため、友人やネットワークとコンテンツを共有できます。彼らは他のサイト全体であなたのブラウザを追跡し、あなたの興味のあるプロファイルを構築することができます。これは、アクセスする他のWebサイトに表示されるコンテンツやメッセージに影響を与える可能性があります。これらのCookieを許可しない場合、これらの共有ツールを使用または表示できない可能性があります。",
      "heading": "ソーシャルメディアCookie",
      "title": "ソーシャルメディアCookie"
    },
    "unclassified": {
      "description": "未分類のCookieは、個々のCookieのプロバイダーとともに、分類の過程にあるCookieです。",
      "heading": "未分類",
      "title": "未分類"
    }
  }
}