
[
  
  {
    "isExpanded": false,
    "purposeCategory": {
      "id": 2,
      "name": "Essential Cookies",
      "purposeDetailsList": [
        {
          "name": "These cookies are essential to provide you with services available through the website and to enable you to use some of its features. They help to authenticate users and prevent fraudulent use of user accounts. Without these cookies, the services that you expect cannot be provided.  We only use these cookies to provide you with essential services. ",
          "purposeList": [
            
          ]
        }
      ]
    },
    "type": 1
  },
  {
    "isExpanded": false,
    "purposeCategory": {
      "id": 3,
      "name": "Functional Cookies",
      "purposeDetailsList": [
        {
          "name": "Functional cookies help to perform certain functionalities like sharing the content of the website on social media platforms, collecting feedback, and other third-party features. ",
          "purposeList": [
            
          ]
        }
      ]
    },
    "type": 1
  },
  {
    "isExpanded": false,
    "purposeCategory": {
      "id": 4,
      "name": "Analytics cookies",
      "purposeDetailsList": [
        {
          "name": "Analytical cookies collect anonymous, aggregated data which allow us to understand how visitors interact with web pages and content.  These cookies help us to improve our site and the visitor experience.  Disabling these cookies affects our ability to enhance our products and services. ",
          "purposeList": [
            
          ]
        }
      ]
    },
    "type": 1
  },
  {
    "isExpanded": false,
    "purposeCategory": {
      "id": 5,
      "name": "Advertising Cookies",
      "purposeDetailsList": [
        {
          "name": "Advertising cookies track activity across websites in order to understand a viewer’s preference and   interests. These cookies direct specific marketing based on these preferences and interests, examples include cookies used for remarketing, or interest-based advertising. ",
          "purposeList": [
            
          ]
        }
      ]
    },
    "type": 1
  },
  {
    "isExpanded": false,
    "purposeCategory": {
      "id": 6,
      "name": "Social Media Cookies",
      "purposeDetailsList": [
        {
          "name": "These cookies have been added to the website by various social media services, so that you can share our content with friends and networks. They're capable of tracking your browser across other sites and building a profile of your interests. This may have an impact on ad personalization and messages you see on other websites you visit. If you do not allow these cookies, you may not be able to use or view these shared tools. ",
          "purposeList": [
            
          ]
        }
      ]
    },
    "type": 1
  },
  {
    "isExpanded": false,
    "purposeCategory": {
      "id": 7,
      "name": "Unknown",
      "purposeDetailsList": [
        {
          "name": "Unknown cookies are cookies that we are in the process of classifying, together with the providers of individual cookies. ",
          "purposeList": [
            
          ]
        }
      ]
    },
    "type": 1
  },
  {
    "isExpanded": false,
    "purposeCategory": {
      "id": 8,
      "name": "Why do you need my consent?",
      "purposeDetailsList": [
        {
          "name": "This site and its partners store and access personal data based on unique identifiers such as cookies, and prior to the processing of any personal data, the EU General Data Protection Legislation calls for free consent. As such, we request your consent to allow us and our partners to process your data in order to provide you with the best user experience. You agree to share your personal data with us and our partners on this property by consenting to the data processing on this platform. If you do not agree or withdraw consent from all vendors for data processing, this may adversely affect site function and your experience. ",
          "purposeList": [
            
          ]
        }
      ]
    },
    "type": 1
  },
  {
    "isExpanded": false,
    "purposeCategory": {
      "id": 9,
      "name": "Why are you using my data?",
      "purposeDetailsList": [
        {
          "name": "We process your data for a range of purposes and features.  By consenting to all data processing on this property, you agree to have your personal data processed for purposes and features by us and our partners, so that we can enhance our services and make it easier for you to have a better experience. Not consenting or revoking consent, may have a negative effect on the features and functions of our websites or apps. ",
          "purposeList": [
            
          ]
        }
      ]
    },
    "type": 1
  },
  {
    "isExpanded": false,
    "purposeCategory": {
      "id": 10,
      "name": "Who is processing my data?",
      "purposeDetailsList": [
        {
          "name": "We process your data for a range of purposes and features By consenting to all data processing on this property, you agree to have your personal data processed for purposes and features by us and our partners, so that we can enhance our services and make it easier for you to have a better experience. Not consenting or revoking consent, can have a negative effect on the features and functions of our websites or apps.",
          "purposeList": [
            
          ]
        }
      ]
    },
    "type": 1
  }
]

