{
  "POWERED_BY": "Distribuído por",
  "COMMOM": {
    "ALWAYS_ALLOW": "Sempre permitir"
  },
  "CONFIG": {
    "BANNER": {
      "DONOTSELL": "Não venda meus dados",
      "GDPR_HEAD": "Nós e nossos parceiros armazenamos e / ou acessamos informações em um dispositivo, como cookies, e processamos dados pessoais, como identificadores exclusivos e informações padrão enviadas por um dispositivo para anúncios e conteúdo personalizados, medição de anúncios e conteúdo e insights do público, como bem como para desenvolver e melhorar produtos. Você pode aceitar ou gerenciar suas escolhas clicando abaixo, incluindo seu direito de contestar quando um interesse legítimo é usado, ou a qualquer momento na página da política de privacidade. Essas escolhas serão comunicadas aos nossos parceiros e não afetarão os dados de navegação.",
      "REJECT_ALL_BTN": "Rejeitar tudo",
      "badgeButton": "Cookie Consent",
      "body": "Ao clicar em \"Aceitar tudo\", você consente que nós e todos os terceiros mencionados em nossa configuração de preferência de privacidade e cookies armazenemos cookies e outras tecnologias para aprimorar sua experiência no site, processar seus dados pessoais, mostrar a você conteúdo e anúncios personalizados, analisar o site eficiência e melhorar nossos esforços de marketing.",
      "button": "Saber mais",
      "buttonAllow": "Aceitar tudo",
      "buttonAllowReq": "Permitir Obrigatório",
      "buttonCustomize": "Configurações de privacidade",
      "buttonDisable": "DESATIVAR TUDO",
      "title": "Nós nos preocupamos com sua privacidade"
    },
    "COMMOM": {
      "ALWAYS_ALLOW": "Sempre permitir"
    },
    "POPUP": {
      "ACCEPT_ALL_BTN": "Aceitar tudo",
      "ALLOW_ALL": "Permitir todos",
      "ALWAYS_ALLOW": "Sempre permitir",
      "AUDIT_ID": {
        "areYouSure": "Tem certeza de que redefinir ID de auditoria?",
        "description": "Nós geramos um número único aleatório para você quando você visita este site. O objetivo da ID de auditoria é manter um registro de seu histórico de preferência de consentimento sobre quais cookies você aceitou e quando. As informações armazenadas em relação ao seu ID de auditoria incluem a versão da lista de fornecedores de cookies, uma lista de fornecedores com permissão para processar seus dados e o carimbo de data / hora.",
        "myAuditId": "MEU ID DE AUDITORIA *",
        "resetMyAuditId": "Redefinir meu ID de auditoria",
        "title": "ID de auditoria"
      },
      "COMPANY": "Empresa",
      "COMPANY_NAME": "Nome dos fornecedores",
      "CONTENT_BODY": "Quando você usa este site, coletamos informações pessoais por meio do uso de tecnologias como cookies para melhorar a sua experiência no site. Dito isso, queremos permitir que você controle seus dados pessoais fornecendo controles para gerenciar sua experiência. Veja abaixo para os fins para os quais usamos seus dados. Clicar em cada propósito explicará o que cada um é e os fornecedores associados a ele. Você também pode usar essa ferramenta para ver os fornecedores com os quais trabalhamos e as categorias de dados que usamos.",
      "CONTENT_BODY_DATA_CAT": "",
      "COOKIE_INFO": {
        "category": "Categoria",
        "desc": "Descrição",
        "host": "Hospedeiro",
        "name": "Nome",
        "type": "Tipo"
      },
      "DISABLE_ALL": "DESATIVAR TUDO",
      "DONOTSELL": "Não venda meus dados",
      "DO_NOT_SELL_MY_DATA": "Não venda meus dados",
      "FEATURES": "Características",
      "FOOTER_TEXT": "* O consentimento é armazenado e processado em conformidade com a política de transparência e consentimento do IAB.",
      "GIVE_ALL_CONSENT": "Dê todos os consentimentos",
      "GIVE_CONSENT_TO_ALL": "Dê consentimento a todos",
      "GOOGLE_VENDOR": "Fornecedores Google",
      "HIDE_VENDORS": "Ocultar fornecedores",
      "IAB_VENDOR": "Fornecedores Iab",
      "LEARN_PRIVACY_TITLE": "Saiba mais sobre privacidade",
      "MANAGE_PRIVACY": "Gerenciar sua privacidade",
      "MANAGE_SETTING_BTN": "Salve minhas escolhas",
      "ONOFF": "Desligado / Ligado",
      "PRIVACY": "Privacidade",
      "PRIVACY_INFO": "Informação de privacidade",
      "PRIVACY_INFO_BODY_TEXT": "Use esta página para aprender mais sobre privacidade de dados e como os dados são usados para melhorar sua experiência no site.",
      "PRIVACY_INFO_TITLE": "INFORMAÇÕES DE PRIVACIDADE",
      "PRIVACY_MANAGER": "Gerente de Privacidade",
      "PURPOSES": "OBJETIVOS",
      "PURPOSES_BODY": "Quando você visita nosso site, armazenamos cookies em seu navegador para coletar informações. Essas informações podem estar relacionadas a você ou ao seu dispositivo, às suas preferências e, principalmente, usadas para fazer o site funcionar como você espera e para fornecer uma experiência de navegação na web mais personalizada. A sua privacidade é importante para nós, pode optar por não permitir alguns tipos de cookies. Clique no título da categoria de cookie diferente para obter mais informações e alterar nossas configurações padrão. Você tem a opção de desativar certos tipos de armazenamento que podem não ser necessários para o funcionamento básico do site. Se você decidir recusar, podemos não ser capazes de fornecer a você a melhor experiência de navegação no site.",
      "PURPOSES_BODY_CCPA": "Quando você visita nosso site, armazenamos cookies em seu navegador para coletar informações. Essas informações podem estar relacionadas a você ou ao seu dispositivo, às suas preferências e, principalmente, usadas para fazer o site funcionar como você espera e para fornecer uma experiência de navegação na web mais personalizada. A sua privacidade é importante para nós, pode optar por não permitir alguns tipos de cookies. Clique no título da categoria de cookie diferente para obter mais informações e alterar nossas configurações padrão. Você tem a opção de desativar certos tipos de armazenamento que podem não ser necessários para o funcionamento básico do site. Se você decidir recusar, podemos não ser capazes de fornecer a você a melhor experiência de navegação no site. Você não pode desativar nossos Cookies essenciais primários estritamente necessários, pois eles são implementados para garantir o funcionamento adequado do nosso site. Por exemplo, faça login em sua conta, lembrando-se de suas configurações, solicitando o banner do cookie e redirecionando quando você fizer logout, etc.",
      "PURPOSES_BODY_GDPR": "Para fornecer as melhores experiências, nós e nossos parceiros usamos cookies e tecnologias para armazenar e / ou acessar informações do dispositivo. O consentimento para essas tecnologias permitirá que nós e nossos parceiros processemos dados pessoais, como comportamento de navegação ou IDs exclusivos neste site. Não consentir ou retirar o consentimento pode afetar adversamente certos recursos e funções. Você pode exercer seu direito de consentir ou objetar a um interesse legítimo, com base em uma finalidade específica ou em um nível de parceiro no link de cada finalidade. Essas escolhas serão indicadas aos nossos fornecedores que participam da Estrutura de Transparência e Consentimento.",
      "PURPOSE_TEXT": "OBJETIVO",
      "REJECT_ALL_BTN": "DESATIVAR TUDO",
      "REVOKE_ALL": "Revogar todos os consentimentos",
      "SAVE_EXIT": "Salvar e sair",
      "SEARCH_TEXT": "Pesquisar fornecedores IAB e Google",
      "SHOW_VENDORS": "Mostrar fornecedores",
      "STATUS": "Status",
      "VENDORS": "Vendedores",
      "VENDORS_DESC": "Estes são os parceiros com os quais compartilhamos dados. Você pode ver para quais objetivos eles estão solicitando consentimento e / ou para quais objetivos eles reivindicam interesse legítimo clicando em cada parceiro. Você pode ligar e desligar cada um para controlar se os dados são ou não compartilhados com eles ou pode desativar todo o processamento de dados. No entanto, observe que, ao desativar todo o processamento de dados, algumas funcionalidades do site podem ser afetadas.\nPara alguns fins, seus dados pessoais podem ser processados com base legal de interesse legítimo.",
      "VENDOR_CONSENT": "Consentimento de fornecedores",
      "VENDOR_LEGITIMATE_INTEREST": "Fornecedores que reivindicam interesse legítimo",
      "VIEW_FIRST_PARTY": "Ver Cookies",
      "VIEW_THIRD_PARTY": "Exibir cookies de terceiros",
      "privacy_info": {
        "consent": {
          "desc": "Este site e seus parceiros armazenam e acessam dados pessoais com base em identificadores exclusivos, como cookies, e antes do processamento de quaisquer dados pessoais, a Legislação Geral de Proteção de Dados da UE exige consentimento livre. Como tal, solicitamos o seu consentimento para permitir que nós e os nossos parceiros processemos os seus dados para lhe proporcionar a melhor experiência.\n\nVocê concorda em compartilhar seus dados pessoais conosco e com nossos parceiros nesta propriedade, consentindo com o processamento de dados nesta plataforma. Se você não concordar ou retirar o consentimento de todos os fornecedores para processamento de dados, isso afetará negativamente o funcionamento do site e sua experiência.",
          "title": "Por que você precisa do meu consentimento?"
        },
        "cookies": [
          {
            "body": "Um cookie é um arquivo de texto simples que é enviado junto com as páginas de um site e é armazenado pelos navegadores no disco rígido do computador ou em outros dispositivos como smartphone. Os cookies não podem danificar seu dispositivo ou os arquivos nele.",
            "heading": "Como eles trabalham"
          },
          {
            "body": "Os cookies são projetados para ser um mecanismo confiável para que os sites lembrem informações importantes, como itens adicionados ao carrinho de compras em uma loja online, ou para registrar a atividade de navegação do usuário, incluindo clicar em botões específicos, fazer login ou registrar quais páginas foram visitadas no passado . Eles também podem ser usados para lembrar pedaços de informações que o usuário inseriu anteriormente nos campos do formulário, como nomes, endereços, senhas e números de cartão de pagamento.",
            "heading": "Como eles trabalham?"
          }
        ],
        "data": {
          "desc": "Processamos seus dados para uma série de finalidades e recursos. Ao consentir com todo o processamento de dados nesta propriedade, você concorda que seus dados pessoais sejam processados para fins e recursos por nós e por nossos parceiros, para que possamos aprimorar nossos serviços e torná-los mais fáceis para você ter uma experiência melhor. Não consentir ou revogar o consentimento pode ter um efeito negativo sobre os recursos e funções de nossos sites ou aplicativos.",
          "title": "Por que você está usando meus dados?"
        },
        "process": [
          {
            "body": "Este site e fornecedores terceirizados irão armazenar e / ou acessar informações do dispositivo do usuário e processar seus dados pessoais."
          },
          {
            "body": "Alguns fornecedores podem estar processando seus dados pessoais com base em interesses legítimos. Você pode clicar aqui para obter mais informações e / ou para contestar."
          }
        ]
      }
    }
  },
  "purposes": {
    "advertising": {
      "description": "Esses cookies são essenciais para fornecer a Você os serviços disponíveis por meio do Site e para permitir que você use alguns de seus recursos. Eles ajudam a autenticar usuários e prevenir o uso fraudulento de contas de usuários. Sem esses cookies, os serviços que você solicitou não podem ser fornecidos e nós apenas usamos esses cookies para fornecer esses serviços.",
      "heading": "Cookies de publicidade",
      "title": "Cookies de publicidade"
    },
    "analytics": {
      "description": "Os cookies de publicidade rastreiam a atividade em sites para entender os interesses do visualizador e direcioná-los para um marketing específico. Alguns exemplos incluem: cookies usados para remarketing ou publicidade com base em interesses.",
      "heading": "Cookies de análise",
      "title": "Cookies de análise"
    },
    "essential": {
      "description": "Esses cookies são essenciais para fornecer a Você os serviços disponíveis por meio do Site e para permitir que você use alguns de seus recursos. Eles ajudam a autenticar usuários e prevenir o uso fraudulento de contas de usuários. Sem esses cookies, os serviços que você solicitou não podem ser fornecidos e nós apenas usamos esses cookies para fornecer esses serviços.",
      "heading": "Cookies essenciais",
      "title": "Cookies essenciais"
    },
    "socialmedia": {
      "description": "Esses cookies foram adicionados ao site por vários serviços de mídia social, para que você possa compartilhar nosso conteúdo com amigos e redes. Eles são capazes de rastrear seu navegador em outros sites e construir um perfil de seus interesses. Isso pode ter um impacto no conteúdo e nas mensagens que você vê em outros sites que visita. Se não permitir esses cookies, você não conseguirá usar ou visualizar essas ferramentas compartilhadas.",
      "heading": "Cookies de mídia social",
      "title": "Cookies de mídia social"
    },
    "unclassified": {
      "description": "Cookies não classificados são cookies que estamos em processo de classificação, juntamente com os fornecedores de cookies individuais.",
      "heading": "Não classificado",
      "title": "Não classificado"
    }
  }
}