{
  "response": [
    {
      "name": "Personalised ads and content, ad and content measurement,audience insights and product developement",
      "id": 1
    },
    {
      "name": "Essential",
      "id": 2
    },
    {
      "name": "Functional",
      "id": 3
    },
    {
      "name": "Analytics",
      "id": 4
    },
    {
      "name": "Advertising",
      "id": 5
    },
    {
      "name": "Social Media",
      "id": 6
    },
    {
      "name": "Unclassied",
      "id": 7
    },
    {
      "name": "Why do you need my consent",
      "id": 8
    },
    {
      "name": "Why do you use my data",
      "id": 9
    },
    {
      "name": "Who is processing my data?",
      "id": 10
    },
    {
      "name": "Precise geolocation data, and identification through device scanning",
      "id": 0
    }
  ]
}

