{
  "POWERED_BY": "Питаться от",
  "COMMOM": {
    "ALWAYS_ALLOW": "Всегда позволяют"
  },
  "CONFIG": {
    "BANNER": {
      "DONOTSELL": "Не продавать мои данные",
      "GDPR_HEAD": "Мы и наши партнеры храним и / или получаем доступ к информации на устройстве, такой как файлы cookie, и обрабатываем персональные данные, такие как уникальные идентификаторы и стандартную информацию, отправляемую устройством для персонализированной рекламы и контента, измерения рекламы и контента и анализа аудитории, как а также разрабатывать и улучшать продукты. Вы можете принять свой выбор или управлять им, щелкнув ниже, включая свое право возражать, когда используется законный интерес, или в любое время на странице политики конфиденциальности. Эти варианты будут сообщены нашим партнерам и не повлияют на данные просмотра.",
      "REJECT_ALL_BTN": "Отклонить все",
      "badgeButton": "Согласие на использование файлов cookie",
      "body": "Нажимая «Принять все», вы соглашаетесь с нами и всеми третьими сторонами, упомянутыми в наших настройках конфиденциальности и файлов cookie, на хранение файлов cookie и других технологий для улучшения работы вашего веб-сайта, обработки ваших личных данных, показа вам персонализированного контента и рекламы, анализа веб-сайта эффективность и улучшить наши маркетинговые усилия.",
      "button": "Узнать больше",
      "buttonAllow": "Принять все",
      "buttonAllowReq": "Разрешить Обязательно",
      "buttonCustomize": "Настройки конфиденциальности",
      "buttonDisable": "ОТКЛЮЧИТЬ ВСЕ",
      "title": "Мы заботимся о вашей конфиденциальности"
    },
    "COMMOM": {
      "ALWAYS_ALLOW": "Всегда позволяют"
    },
    "POPUP": {
      "ACCEPT_ALL_BTN": "Принять все",
      "ALLOW_ALL": "Позволять все",
      "ALWAYS_ALLOW": "Всегда позволяют",
      "AUDIT_ID": {
        "areYouSure": "Вы уверены, что сбросить идентификатор аудита?",
        "description": "Мы генерируем для вас случайный уникальный номер, когда вы посещаете этот сайт. Назначение идентификатора аудита - вести учет истории ваших предпочтений в отношении согласия, какие файлы cookie вы приняли и когда. Информация, хранящаяся в отношении вашего идентификатора аудита, включает версию списка поставщиков файлов cookie, список поставщиков, которым разрешено обрабатывать ваши данные, и временную метку.",
        "myAuditId": "МОЙ АУДИТ ID *",
        "resetMyAuditId": "Сбросить мой идентификатор аудита",
        "title": "Идентификатор аудита"
      },
      "COMPANY": "Компания",
      "COMPANY_NAME": "Имя поставщика",
      "CONTENT_BODY": "Когда вы используете этот сайт, мы собираем личную информацию с помощью таких технологий, как файлы cookie, чтобы улучшить работу вашего сайта. Тем не менее, мы хотим, чтобы вы могли контролировать свои личные данные, предоставляя вам средства управления для управления вашим опытом. См. Ниже, для каких целей мы используем ваши данные. Щелчок по каждой цели объяснит, что это за каждая, и поставщики, связанные с ней. Вы также можете использовать этот инструмент, чтобы увидеть поставщиков, с которыми мы работаем, и категории данных, которые мы используем.",
      "CONTENT_BODY_DATA_CAT": "",
      "COOKIE_INFO": {
        "category": "категория",
        "desc": "Описание",
        "host": "хозяин",
        "name": "название",
        "type": "Тип"
      },
      "DISABLE_ALL": "ОТКЛЮЧИТЬ ВСЕ",
      "DONOTSELL": "Не продавать мои данные",
      "DO_NOT_SELL_MY_DATA": "Не продавать мои данные",
      "FEATURES": "Характеристики",
      "FOOTER_TEXT": "* Согласие сохраняется и обрабатывается в соответствии с политикой прозрачности и согласия IAB.",
      "GIVE_ALL_CONSENT": "Дайте все согласие",
      "GIVE_CONSENT_TO_ALL": "Дайте согласие всем",
      "GOOGLE_VENDOR": "Поставщики Google",
      "HIDE_VENDORS": "Скрыть поставщиков",
      "IAB_VENDOR": "Продавцы Iab",
      "LEARN_PRIVACY_TITLE": "Узнать о конфиденциальности",
      "MANAGE_PRIVACY": "Управляйте своей конфиденциальностью",
      "MANAGE_SETTING_BTN": "Сохранить мой выбор",
      "ONOFF": "Выкл. / Вкл.",
      "PRIVACY": "Конфиденциальность",
      "PRIVACY_INFO": "Информация о конфиденциальности",
      "PRIVACY_INFO_BODY_TEXT": "Используйте эту страницу, чтобы узнать больше о конфиденциальности данных и о том, как данные используются для улучшения работы вашего сайта.",
      "PRIVACY_INFO_TITLE": "Информация о конфиденциальности",
      "PRIVACY_MANAGER": "Менеджер конфиденциальности",
      "PURPOSES": "цели",
      "PURPOSES_BODY": "Когда вы посещаете наш веб-сайт, мы сохраняем файлы cookie в вашем браузере для сбора информации. Эта информация может быть связана с вами или вашим устройством, вашими предпочтениями и в основном использоваться для того, чтобы веб-сайт работал так, как вы ожидаете, и для обеспечения более персонализированного просмотра веб-страниц. Ваша конфиденциальность важна для нас, вы можете запретить использование некоторых типов файлов cookie. Щелкните заголовок другой категории файлов cookie, чтобы получить дополнительную информацию и изменить настройки по умолчанию. У вас есть возможность отключить определенные типы хранилищ, которые могут не понадобиться для базового функционирования веб-сайта. Если вы решите отказаться, возможно, мы не сможем обеспечить вам оптимальное качество просмотра веб-сайтов.",
      "PURPOSES_BODY_CCPA": "Когда вы посещаете наш веб-сайт, мы сохраняем файлы cookie в вашем браузере для сбора информации. Эта информация может быть связана с вами или вашим устройством, вашими предпочтениями и в основном использоваться для того, чтобы веб-сайт работал так, как вы ожидаете, и для обеспечения более персонализированного просмотра веб-страниц. Ваша конфиденциальность важна для нас, вы можете запретить использование некоторых типов файлов cookie. Щелкните заголовок другой категории файлов cookie, чтобы получить дополнительную информацию и изменить настройки по умолчанию. У вас есть возможность отключить определенные типы хранилищ, которые могут не понадобиться для базового функционирования веб-сайта. Если вы решите отказаться, возможно, мы не сможем обеспечить вам оптимальное качество просмотра веб-сайтов. Вы не можете отключить наши основные основные строго необходимые файлы cookie, поскольку они используются для обеспечения надлежащего функционирования нашего веб-сайта. Например, войдите в свою учетную запись, запомните свои настройки, предложите баннер cookie и перенаправьте при выходе из системы и т. Д.",
      "PURPOSES_BODY_GDPR": "Чтобы обеспечить лучший опыт, мы и наши партнеры используем файлы cookie и технологии для хранения и / или доступа к информации об устройстве. Согласие на использование этих технологий позволит нам и нашим партнерам обрабатывать личные данные, такие как поведение при просмотре или уникальные идентификаторы на этом сайте. Несогласие или отзыв согласия может отрицательно повлиять на определенные функции и функции. Вы можете воспользоваться своим правом на согласие или возражение против законного интереса в зависимости от конкретной цели или на уровне партнера по ссылке под каждой целью. Эти варианты будут сообщены нашим поставщикам, участвующим в Структуре прозрачности и согласия.",
      "PURPOSE_TEXT": "цель",
      "REJECT_ALL_BTN": "ОТКЛЮЧИТЬ ВСЕ",
      "REVOKE_ALL": "Отозвать все согласия",
      "SAVE_EXIT": "Сохранить и выйти",
      "SEARCH_TEXT": "Поиск поставщиков IAB и Google",
      "SHOW_VENDORS": "Показать продавцов",
      "STATUS": "Статус",
      "VENDORS": "Вендоры",
      "VENDORS_DESC": "Это партнеры, с которыми мы делимся данными. Вы можете увидеть, для каких целей они запрашивают согласие и / или для каких целей они заявляют законный интерес, нажав на каждого партнера. Вы можете включать и выключать каждый из них, чтобы контролировать, передаются ли им данные, или можете отключить всю обработку данных. Однако обратите внимание, что отключение всей обработки данных может повлиять на некоторые функции сайта.\nДля некоторых целей ваши личные данные могут обрабатываться на законном основании законного интереса.",
      "VENDOR_CONSENT": "Согласие поставщиков",
      "VENDOR_LEGITIMATE_INTEREST": "Продавцы, заявляющие законный интерес",
      "VIEW_FIRST_PARTY": "Просмотр файлов cookie",
      "VIEW_THIRD_PARTY": "Просмотр сторонних файлов cookie",
      "privacy_info": {
        "consent": {
          "desc": "Этот сайт и его партнеры хранят личные данные и получают к ним доступ на основе уникальных идентификаторов, таких как файлы cookie, и до обработки любых личных данных Общее законодательство ЕС о защите данных требует свободного согласия. Таким образом, мы запрашиваем ваше согласие, чтобы позволить нам и нашим партнерам обрабатывать ваши данные, чтобы предоставить вам лучший опыт.\n\nВы соглашаетесь поделиться своими личными данными с нами и нашими партнерами в отношении этой собственности, дав согласие на обработку данных на этой платформе. Если вы не согласны или откажетесь от согласия всех поставщиков на обработку данных, это отрицательно скажется на работе сайта и вашем опыте.",
          "title": "Зачем вам мое согласие?"
        },
        "cookies": [
          {
            "body": "Файл cookie - это простой текстовый файл, который отправляется вместе со страницами веб-сайта и сохраняется браузерами на жестком диске компьютера или других устройств в виде смартфона. Файлы cookie не могут повредить ваше устройство или файлы в.",
            "heading": "Как они работают"
          },
          {
            "body": "Файлы cookie предназначены для того, чтобы быть надежным механизмом для веб-сайтов, чтобы запоминать информацию о состоянии, такую как товары, добавленные в корзину покупок в интернет-магазине, или для записи активности пользователя в браузере, включая нажатие определенных кнопок, вход в систему или запись страниц, которые были посещены в прошлом. . Их также можно использовать для запоминания фрагментов информации, которые пользователь ранее вводил в поля формы, таких как имена, адреса, пароли и номера платежных карт.",
            "heading": "Как они работают?"
          }
        ],
        "data": {
          "desc": "Мы обрабатываем ваши данные для различных целей и функций. Соглашаясь на всю обработку данных на этом объекте, вы соглашаетесь на обработку ваших персональных данных для целей и функций нами и нашими партнерами, чтобы мы могли улучшить наши услуги и упростить их для вас, чтобы получить лучший опыт. Несогласие или отзыв согласия может негативно повлиять на возможности и функции наших веб-сайтов или приложений.",
          "title": "Почему вы используете мои данные?"
        },
        "process": [
          {
            "body": "Этот веб-сайт и сторонние поставщики будут хранить и / или получать доступ к информации с устройства пользователя и обрабатывать их личные данные."
          },
          {
            "body": "Некоторые поставщики могут обрабатывать ваши персональные данные на основании законного интереса. Вы можете нажать здесь, чтобы получить дополнительную информацию об этом и / или возразить."
          }
        ]
      }
    }
  },
  "purposes": {
    "advertising": {
      "description": "Эти файлы cookie необходимы для предоставления Вам услуг, доступных через Веб-сайт, и для того, чтобы Вы могли использовать некоторые из его функций. Они помогают аутентифицировать пользователей и предотвращать мошенническое использование учетных записей пользователей. Без этих файлов cookie услуги, которые вы запрашивали, не могут быть предоставлены, и мы используем эти файлы cookie только для предоставления вам этих услуг.",
      "heading": "Рекламные файлы cookie",
      "title": "Рекламные файлы cookie"
    },
    "analytics": {
      "description": "Рекламные файлы cookie отслеживают активность на веб-сайтах, чтобы понять интересы зрителей и направить их на конкретный маркетинг. Некоторые примеры включают: файлы cookie, используемые для ремаркетинга или рекламы на основе интересов.",
      "heading": "Аналитические файлы cookie",
      "title": "Аналитические файлы cookie"
    },
    "essential": {
      "description": "Эти файлы cookie необходимы для предоставления Вам услуг, доступных через Веб-сайт, и для того, чтобы Вы могли использовать некоторые из его функций. Они помогают аутентифицировать пользователей и предотвращать мошенническое использование учетных записей пользователей. Без этих файлов cookie услуги, которые вы запрашивали, не могут быть предоставлены, и мы используем эти файлы cookie только для предоставления вам этих услуг.",
      "heading": "Основные файлы cookie",
      "title": "Основные файлы cookie"
    },
    "socialmedia": {
      "description": "Эти файлы cookie были добавлены на сайт различными службами социальных сетей, чтобы вы могли делиться нашим контентом с друзьями и сетями. Они могут отслеживать ваш браузер на других сайтах и создавать профиль ваших интересов. Это может повлиять на контент и сообщения, которые вы видите на других посещаемых вами веб-сайтах. Если вы не разрешите использование этих файлов cookie, возможно, вы не сможете использовать или просматривать эти общие инструменты.",
      "heading": "Файлы cookie социальных сетей",
      "title": "Файлы cookie социальных сетей"
    },
    "unclassified": {
      "description": "Неклассифицированные файлы cookie - это файлы cookie, которые мы классифицируем вместе с поставщиками отдельных файлов cookie.",
      "heading": "неклассифицированный",
      "title": "неклассифицированный"
    }
  }
}